SKU,frequency,value,age,gain_clipped,class_1,class_2,class_3,high_volatility,low_var,dynamic,completed
10060,0.07586278014574453,0.597815708684019,0.13043478260869565,0.199656875,1,0,0,0,0,1,0
10121,0.009865255052935515,0.63223596685747,0.3913043478260869,0.032220000000000006,0,0,0,0,1,1,0
10216,0.011641230120537145,0.7952516388505505,0.21739130434782608,0.04673916666666667,0,1,0,0,0,1,0
10230,0.17251019753425914,0.24560672049530707,0.08695652173913043,0.20048333333333335,0,0,0,0,1,1,0
10388,0.08978413309500893,0.6860168702362631,0.13043478260869565,0.27072875,1,0,0,0,0,1,0
10583,0.14916471882304413,0.776306868767281,0.13043478260869565,0.513290625,0,1,0,0,0,1,0
10837,0.03923455811583536,0.07659643397549978,0.6956521739130435,0.019129411764705884,0,0,0,0,1,1,0
10887,0.07852674274714698,0.43559492731155214,0.6521739130434783,0.1577496875,1,0,0,0,0,1,0
10947,0.039156567343010346,0.5671654246360506,0.26086956521739135,0.10344535714285714,0,0,0,0,1,1,0
10973,0.023622923664172117,0.8356473786876369,0.8695652173913043,0.09149952380952382,0,0,0,0,1,1,0
11013,0.0717952243457537,0.8930780390139219,0.21739130434782608,0.28511708333333335,0,1,0,0,0,1,0
11179,0.020833593740234743,0.8213962847368214,0.9130434782608696,0.07979625000000001,0,0,0,0,1,1,0
11189,0.04451109125074476,0.7378738460928855,1.0,0.04768984895833331,0,0,0,1,0,1,0
11191,0.030016843118383065,0.7529506603338373,0.30434782608695654,0.1026753125,0,0,0,0,1,1,0
11318,0.0621265164094808,0.9252802500069726,0.5217391304347826,0.24973307692307695,0,0,0,0,1,1,0
11379,0.02630734680782804,0.8198537286898899,0.8695652173913043,0.10167309523809524,1,0,0,0,0,1,0
11582,0.020349236903616116,0.9367060240481454,0.5217391304347826,0.0886571153846154,0,0,0,0,1,1,0
11599,0.03895587611116757,0.9693632143614249,0.9565217391304348,0.16818108695652173,0,0,0,0,1,1,0
11666,0.02053432611661678,0.12923775230179174,0.5217391304347826,0.015105,0,0,0,0,1,1,0
11680,0.007390347861955176,0.30782574548061414,0.3913043478260869,0.012491500000000003,0,0,0,0,1,1,0
11700,0.34277464595077684,0.4699607811291347,0.043478260869565216,0.6980025000000001,0,0,0,0,1,1,0
11799,0.07405310536149012,0.29349364252198445,0.6956521739130435,0.024613926470588233,0,0,0,1,0,1,0
11801,0.03861640902751861,0.35552685120475885,0.26086956521739135,0.06436392857142857,0,0,0,0,1,1,0
11826,0.04535237537288003,0.032108516535946915,0.9565217391304348,0.005244891304347826,0,0,0,0,1,1,0
11838,0.020258779769442858,0.7087737130299162,0.782608695652174,0.06782842105263158,0,0,0,0,1,1,0
11848,0.022692899016286888,0.869816816341247,0.9130434782608696,0.09122352272727273,1,0,0,0,0,1,0
12007,0.051377240020165915,0.7695025105106515,0.6086956521739131,0.17921633333333337,0,1,0,0,0,1,0
12086,0.0019783980322960115,0.6927095715795561,0.34782608695652173,0.010821944444444445,0,0,0,0,1,1,0
12319,0.04257757000779137,0.283320965119969,0.08695652173913043,0.05867166666666668,0,0,0,0,1,1,0
12600,0.004674824694073971,0.19422279426640526,0.3913043478260869,0.0059955,0,0,0,0,1,1,0
12631,0.050769971126082766,0.7335095603529083,0.21739130434782608,0.07541412499999998,0,0,0,1,0,1,0
12995,0.5125807782208167,0.5959311862405842,0.0,1.0,1,0,0,0,0,1,0
13110,0.05032311288326687,0.7953434321590688,0.17391304347826086,0.18029250000000002,0,0,0,0,1,1,0
13155,0.020692974013474495,0.22310504318458008,0.21739130434782608,0.024259583333333338,0,0,0,0,1,1,0
13197,0.16849993125257803,0.4091735938999381,0.0,0.31186,1,0,0,0,0,1,0
13316,0.020737809288673418,0.2699618334766364,0.9565217391304348,0.028724130434782613,0,0,0,0,1,1,0
13331,0.0071841055960401475,0.5996332044799094,0.3913043478260869,0.013333637499999997,0,0,0,0,1,1,0
13338,0.007483647934631023,0.7577719749111895,0.8695652173913043,0.029544761904761907,0,0,0,0,1,1,0
13453,0.06503506118520555,0.29447923521300273,0.6521739130434783,0.09014296875000001,1,0,0,0,0,1,0
13859,0.004984188092946515,0.28006114287485206,0.3913043478260869,0.008618750000000001,0,0,0,0,1,1,0
13973,0.014047389889545807,0.5921507681882309,0.34782608695652173,0.040709444444444444,0,0,0,0,1,1,0
13979,0.018248621232259347,0.03213260390065131,0.34782608695652173,0.005722777777777779,0,0,0,0,1,1,0
14062,0.04033509457681051,0.6427223357560383,0.8695652173913043,0.12036059523809524,0,0,0,0,1,1,0
14138,0.05689994958522389,0.46266383650965515,0.21739130434782608,0.11948125000000001,0,0,0,0,1,1,0
14554,0.005877904578578302,0.9963778436711738,0.3913043478260869,0.030467,0,0,0,0,1,1,0
14632,0.019706597959098276,0.6556962077316132,0.9565217391304348,0.06116217391304349,0,1,0,0,0,1,0
14860,0.03749789938432864,0.13217178341865599,0.7391304347826086,0.026958472222222224,0,0,0,0,1,1,0
14987,0.016052523030386363,0.32969626078373093,0.3913043478260869,0.026227,0,0,0,0,1,1,0
15057,0.17354140886383426,0.36945461840039107,0.08695652173913043,0.2961591666666667,0,0,0,0,1,1,0
15143,0.03739859755259178,0.12641428507847952,0.8260869565217391,0.02607825,0,0,0,0,1,1,0
15185,0.6779183280626977,0.09809367094342476,0.0,0.37816750000000005,0,0,0,0,1,1,0
15212,0.027352880516980614,0.616163989447437,0.6521739130434783,0.07867171875000001,0,0,0,0,1,1,0
15232,0.03878972185601863,0.92758186495504,0.6956521739130435,0.15969426470588238,0,0,0,0,1,1,0
15425,0.028598927540217242,0.1998899515313881,0.7391304347826086,0.010652256944444445,0,0,0,1,0,1,0
15475,0.027352880516980614,0.6467502393035778,0.6521739130434783,0.08133781250000001,0,0,0,0,1,1,0
15577,0.0234756077599471,0.9201651587455019,0.8695652173913043,0.10201428571428571,0,0,0,1,0,1,0
15646,0.09597140107245979,0.9303846429966425,0.5652173913043479,0.385545,0,1,0,0,0,1,0
15713,0.019514446779674333,0.10315091811777986,0.5652173913043479,0.012065714285714287,0,0,0,0,1,1,0
15732,0.04910359339785627,0.20734515038912055,0.9565217391304348,0.050465434782608704,0,0,0,0,1,1,0
15806,0.052707398472557274,0.328448174316221,0.9130434782608696,0.08148431818181819,0,0,1,0,0,1,0
15834,0.13756359136532378,0.3885686116565152,0.5652173913043479,0.24844482142857144,1,0,0,0,0,1,0
15845,0.07319881754434208,0.8330760615494601,0.13043478260869565,0.270884375,1,0,0,0,0,1,0
15850,0.1332914301427982,0.7767691049292125,0.5652173913043479,0.4554860714285715,0,0,0,0,1,1,0
15896,0.02849580640725973,0.34350633477436426,0.8260869565217391,0.0459965,1,0,0,0,0,1,0
15905,0.04967626214016974,0.7999128841255707,0.9130434782608696,0.17348784090909095,0,0,0,0,1,1,0
15955,0.12390004124845319,0.7641654163964362,0.13043478260869565,0.41538937500000006,0,1,0,0,0,1,0
15993,0.03525883404372336,0.3521921422636759,0.30434782608695654,0.059945937500000004,0,0,0,0,1,1,0
16019,0.01635889741091231,0.24018661730614493,0.9565217391304348,0.006031059782608697,0,0,0,1,0,1,0
16143,0.6480131995050186,0.09578421694043639,0.0,0.35565,0,0,0,0,1,1,0
16147,0.2956826619001787,0.21991495158807367,0.043478260869565216,0.31781875000000004,0,0,0,0,1,1,0
16363,0.01695483294376461,0.6510490648063151,0.30434782608695654,0.050835625,0,0,0,0,1,1,0
16390,0.03680174493456495,0.26193003758489997,0.9130434782608696,0.047477727272727276,0,0,0,0,1,1,0
16496,0.08579678262065173,0.540176146996773,0.6086956521739131,0.20712033333333335,0,0,0,0,1,1,0
16542,0.032021353547068074,0.044307641244330315,0.9565217391304348,0.011135,0,0,0,0,1,1,0
16700,0.031801932427533965,0.6127235321574352,0.9130434782608696,0.08859943181818182,1,0,0,0,0,1,0
16805,0.05706036023649113,0.40476386398708913,0.8260869565217391,0.10545462500000001,0,0,0,0,1,1,0
16826,0.026438294278250278,0.05726390500730476,0.26086956521739135,0.0034847857142857133,0,0,0,0,1,1,0
16915,0.016066845409963792,0.42219173362664997,1.0,0.034102291666666666,0,0,0,0,1,1,0
17158,0.00634568594982036,0.8428748824947728,0.9565217391304348,0.03009010869565218,0,1,0,0,0,1,0
17344,0.04621545442045923,0.3835795652105001,0.8260869565217391,0.082039625,0,0,1,0,0,1,0
17657,0.08987006737247352,0.030316110086143752,0.6521739130434783,0.025293125000000003,0,0,0,0,1,1,0
17776,0.009245033746017133,0.5005073448658179,0.9565217391304348,0.010182668478260869,0,0,0,1,0,1,0
17831,0.6442320912965764,0.45641715105190855,0.0,1.0,0,0,0,0,1,1,0
17937,0.0028530180118245567,0.12460663469903725,0.3913043478260869,0.0028360000000000004,0,0,0,0,1,1,0
18139,0.03486258154208106,0.0717804036725192,0.7391304347826086,0.01587541666666667,0,0,0,0,1,1,0
18226,0.09026536504881066,0.9045921784664742,0.17391304347826086,0.3532195,0,0,0,1,0,1,0
18314,0.02688024199092534,0.8534458191660095,0.8260869565217391,0.10448950000000001,0,0,0,0,1,1,0
18377,0.032723772858517804,0.661437743080104,0.26086956521739135,0.09926107142857143,1,0,0,0,0,1,0
18384,0.038597193909576215,0.2879328315711117,0.9565217391304348,0.05431945652173913,0,0,0,0,1,1,0
18457,0.030145744534579955,0.7914743653470276,0.30434782608695654,0.10691468750000001,0,0,0,0,1,1,0
18808,0.013512687718654996,0.9588142066450812,0.34782608695652173,0.06279888888888889,0,0,0,0,1,1,0
18893,0.08573861172513722,0.43584088139074834,0.5217391304347826,0.16773076923076924,0,0,0,0,1,1,0
18966,0.07333902610231063,0.14944263166609573,0.782608695652174,0.05812407894736843,0,0,0,0,1,1,0
19004,0.14821944177093357,0.014093784814828682,0.08695652173913043,0.012348333333333334,0,0,0,0,1,1,0
19050,0.025390714514872362,0.8047155131869226,0.8695652173913043,0.09498666666666666,1,0,0,0,0,1,0
19143,0.03400323876743511,0.5316591050155816,0.7391304347826086,0.08331736111111113,0,0,0,0,1,1,0
19414,0.0632948920665475,0.29080642021967823,0.6521739130434783,0.08749828125,1,0,0,0,0,1,0
19480,0.02133357499093784,0.2714461426264522,0.9130434782608696,0.02919920454545455,0,0,0,0,1,1,0
19516,0.07414409459645263,0.3360191932654268,0.13043478260869565,0.11976937500000001,0,0,0,0,1,1,0
19703,0.047556029148906914,0.8679952176707119,0.8260869565217391,0.18399400000000002,0,0,0,0,1,1,0
19707,0.2096338053989642,0.847701851725201,0.08695652173913043,0.7704291666666668,0,0,1,0,0,1,0
19726,0.03306750996837619,0.6273159357586019,0.30434782608695654,0.09091875,0,0,0,0,1,1,0
19734,0.17228103946102022,0.12127645851425391,0.08695652173913043,0.11052166666666667,0,0,0,0,1,1,0
19737,0.263371373573491,0.4963243056769044,0.0,0.565245,0,0,0,0,1,1,0
19757,0.02464595077684587,0.7000982050733988,0.30434782608695654,0.0793709375,0,0,0,0,1,1,0
19763,0.009005912278289565,0.02508288904873232,0.3913043478260869,0.0027417500000000003,0,0,0,0,1,1,0
19975,0.08115026568856608,0.4422824820337061,0.6956521739130435,0.1640233823529412,0,1,0,0,0,1,0
19990,0.010604289839131031,0.783748335945272,0.8260869565217391,0.04150287500000001,0,0,1,0,0,1,0
20427,0.07069661358287299,0.06471505197352147,0.6956521739130435,0.030254411764705884,0,0,0,0,1,1,0
20533,0.09932283789357899,0.5816358474970218,0.13043478260869565,0.25688500000000003,1,0,0,0,0,1,0
20680,0.09340348266351775,0.4574831010109364,0.6956521739130435,0.19382441176470588,0,0,0,0,1,1,0
21041,0.07420854530455108,0.9103314640219256,0.6521739130434783,0.29896468750000005,0,0,0,0,1,1,0
21070,0.040916173976809196,0.09353546216440446,0.21739130434782608,0.022235833333333337,0,0,0,0,1,1,0
21147,0.05557218074910426,0.7037928545107793,0.6956521739130435,0.1736583823529412,0,0,1,0,0,1,0
21231,0.07242540904716073,0.11422566331858698,0.13043478260869565,0.045210625000000004,0,0,0,0,1,1,0
21233,0.38814794445208306,0.9883548225871978,0.0,1.0,0,0,0,0,1,1,0
21277,0.13401164123012055,0.8616171200383742,0.08695652173913043,0.5090716666666667,0,0,0,0,1,1,0
21354,0.06635272010632935,0.22413068349858872,0.21739130434782608,0.07239583333333334,0,0,0,0,1,1,0
21389,0.10053164672991428,0.42048597221203016,0.6086956521739131,0.19213950000000002,0,0,0,0,1,1,0
21516,0.015700601703626593,0.016617403748888315,0.8695652173913043,0.0014954761904761905,0,0,0,0,1,1,0
21593,0.10005041477611257,0.3973219086433029,0.6086956521739131,0.18036633333333338,0,0,0,0,1,1,0
21691,0.08439891837389431,0.9373487489776351,0.7391304347826086,0.3405575,0,0,0,0,1,1,0
21742,0.01302965844663178,0.3027625187630758,0.6956521739130435,0.020577205882352942,0,1,0,0,0,1,0
21873,0.08927998533388332,0.4692362027951276,0.6086956521739131,0.192083,0,0,1,0,0,1,0
21874,0.10763202149150175,0.22822067503068932,0.5217391304347826,0.12058403846153846,0,0,0,0,1,1,0
21950,0.17365598790045372,0.9115722465376771,0.08695652173913043,0.6803450000000001,0,0,0,0,1,1,0
22049,0.04881066959989001,0.7140241811453539,0.17391304347826086,0.15632000000000001,0,0,0,0,1,1,0
22108,0.026450570603602366,0.33026318335561744,0.30434782608695654,0.042844375000000004,0,0,0,0,1,1,0
22272,0.08889041660937713,0.8370702051444062,0.17391304347826086,0.3248485,0,1,0,0,0,1,0
22579,0.03277287815992614,0.7291495335920357,0.8695652173913043,0.10809904761904762,0,0,0,0,1,1,0
22993,0.049108575095100596,0.29686980049107037,0.21739130434782608,0.02626704166666666,0,0,0,1,0,1,0
23149,0.03138500727275358,0.8494487962328527,0.782608695652174,0.12157236842105264,0,0,0,0,1,1,0
23188,0.010509762133919978,0.31244957364024617,0.30434782608695654,0.018147812500000002,0,0,0,0,1,1,0
23198,0.04102256879652727,0.7013634603242727,0.26086956521739135,0.13302035714285715,0,0,0,0,1,1,0
23226,0.03404444701744737,0.7839162452888372,0.782608695652174,0.12184171052631579,1,0,0,0,0,1,0
23324,0.06215626289014162,0.9298944475718061,0.6521739130434783,0.25125421875000004,0,0,1,0,0,1,0
23497,0.013252076576540144,0.4287461264908215,0.6956521739130435,0.02931073529411765,0,0,0,0,1,1,0
23502,0.03208540394020938,0.690226463736612,0.26086956521739135,0.10204428571428571,0,0,0,1,0,1,0
23543,0.04382157097680265,0.9491720412691461,0.26086956521739135,0.1849714285714286,0,1,0,0,0,1,0
23806,0.020922132086713417,0.05069050626603139,0.6086956521739131,0.007941333333333333,0,0,0,0,1,1,0
24152,0.021265869196571797,0.7121117056979268,0.21739130434782608,0.07006416666666668,0,0,0,0,1,1,0
24344,0.013925649663137632,0.5143019138614711,0.6521739130434783,0.035304375000000006,0,0,0,0,1,1,0
24456,0.10000458316146478,0.8040765393637287,0.6086956521739131,0.3513003333333334,0,0,0,0,1,1,0
24525,0.011154269214904441,0.43599381496078693,0.8260869565217391,0.024739625000000005,1,0,0,0,0,1,0
24556,0.059578234566203765,0.08412280594628932,0.6521739130434783,0.030396093750000002,0,0,0,0,1,1,0
24595,0.007630963838856043,0.2993436506935269,0.34782608695652173,0.01264388888888889,0,0,0,0,1,1,0
24626,0.04416084396835119,0.3073915012676952,0.9130434782608696,0.06443,0,0,0,0,1,1,0
24641,0.09322150419359274,0.7987110199388913,0.17391304347826086,0.32921500000000004,1,0,0,0,0,1,0
24800,0.023840882282703875,0.9615475280218796,0.782608695652174,0.10545197368421054,1,0,0,0,0,1,0
24848,0.12353911728310188,0.3151551611382903,0.6086956521739131,0.18339083333333334,0,0,1,0,0,1,0
25021,0.022277984020043697,0.2200082149684517,0.7391304347826086,0.025362083333333337,0,0,0,0,1,1,0
25121,0.05674918769493512,0.8944248492854809,0.782608695652174,0.2246626315789474,1,0,0,0,0,1,0
25353,0.027322189703600404,0.7302909755793137,0.26086956521739135,0.0339002857142857,0,0,0,1,0,1,0
25418,0.006628397268435766,0.24540401639161757,1.0,0.009589687500000001,1,0,0,0,0,1,0
25538,0.030317613089509147,0.05937694796989333,0.21739130434782608,0.012543750000000001,0,0,0,0,1,1,0
25605,0.007012237041110958,0.44646500670691613,0.3913043478260869,0.01827,0,0,0,0,1,1,0
25684,0.047697820706723494,0.4647050289531807,0.6521739130434783,0.101103125,0,0,1,0,0,1,0
25901,0.0407524896387814,0.15592818224257038,0.5652173913043479,0.033463035714285716,0,0,1,0,0,1,0
26018,0.025819140477884257,0.6285719580933251,0.9565217391304348,0.0760795652173913,0,0,0,0,1,1,0
26076,0.07372397146218128,0.6932569994323065,0.7391304347826086,0.2309429166666667,1,0,0,0,0,1,0
26244,0.5256427883954352,0.5180998502085201,0.0,1.0,1,0,0,0,0,1,0
26331,0.021208579678262066,0.22661593653180528,0.21739130434782608,0.024543750000000003,0,0,0,0,1,1,0
26396,0.23426829827214812,0.5290292628218382,0.08695652173913043,0.553755,0,0,0,0,1,1,0
26453,0.38127320225491546,0.7205793057151407,0.0,1.0,0,0,0,0,1,1,0
26541,0.14332118795545168,0.39222721328451515,0.13043478260869565,0.250003125,1,0,0,0,0,1,0
26677,0.04068701590357028,0.4954319809759416,0.21739130434782608,0.02701216666666667,0,0,0,1,0,1,0
26756,0.04494206467257477,0.9608222444436876,0.9130434782608696,0.19211420454545458,0,0,0,0,1,1,0
26808,0.02749610431275494,0.3088875445874134,1.0,0.0410465625,0,0,0,0,1,1,0
26819,0.047091984050598105,0.283624816465874,0.8260869565217391,0.06438387500000001,0,0,0,0,1,1,0
26890,0.10516636876117146,0.16268725738571688,0.13043478260869565,0.020082125000000006,0,0,0,1,0,1,0
26936,0.2558091571566066,0.6792526015708313,0.08695652173913043,0.7546633333333334,0,0,0,0,1,1,0
27029,0.030570893065194272,0.8150189777045802,0.782608695652174,0.11363565789473686,0,0,0,0,1,1,0
27051,0.018385024847282515,0.18091461307536372,0.5652173913043479,0.017855714285714287,0,0,0,0,1,1,0
27070,0.035301801182455655,0.9954678218921346,1.0,0.16058583333333334,0,0,0,0,1,1,0
27071,0.7463220129245154,0.36367503500182213,0.0,1.0,0,0,0,0,1,1,0
27240,0.017550234723340732,0.8005392424088354,0.26086956521739135,0.06524142857142858,0,1,0,0,0,1,0
27417,0.030950813028721946,0.6621222027476548,0.782608695652174,0.09359276315789473,0,0,0,0,1,1,0
27450,0.03576011732893349,0.8999413480456806,0.21739130434782608,0.14797208333333337,0,0,0,1,0,1,0
27469,0.008203859021953343,0.26667219299607714,0.34782608695652173,0.01213027777777778,0,0,0,0,1,1,0
27600,0.00681458820294239,0.6937248060006584,1.0,0.025208020833333337,1,0,0,0,0,1,0
27657,0.09339337274852193,0.49402225831197194,0.13043478260869565,0.20323812500000002,0,0,0,0,1,1,0
27720,0.049480956964113844,0.588078483669811,0.13043478260869565,0.12606125,1,0,0,0,0,1,0
28089,0.03418465557541592,0.6448734980939348,0.30434782608695654,0.10217250000000001,0,0,0,0,1,1,0
28126,0.0369689261652688,0.8232375114728514,0.8260869565217391,0.13726925,0,0,0,0,1,1,0
28141,0.04612952014299464,0.8542562587057607,0.7391304347826086,0.17665680555555557,0,0,0,1,0,1,0
28145,0.01393281085292635,0.1540146860733274,0.34782608695652173,0.011859444444444445,0,0,0,0,1,1,0
28185,0.044410834593702736,0.2601960654159336,0.21739130434782608,0.056135416666666674,0,0,0,0,1,1,0
28423,0.053347999450020625,0.2771317662553366,0.6956521739130435,0.07186102941176471,0,0,0,0,1,1,0
28621,0.008012893960920909,0.708808763641506,0.34782608695652173,0.030089166666666667,0,0,0,0,1,1,0
28673,0.016739997250103122,0.3361473493469898,1.0,0.0281346875,0,0,0,0,1,1,0
28675,0.02709507768458683,0.39933426117225623,0.30434782608695654,0.0518990625,0,0,0,0,1,1,0
28687,0.06634935013466406,0.1712823264664698,0.6956521739130435,0.058075441176470594,0,0,0,0,1,1,0
28756,0.10291489069159906,0.07165102347115021,0.17391304347826086,0.045173000000000005,0,0,0,0,1,1,0
28770,0.017550234723340732,0.812949938842646,0.26086956521739135,0.06589214285714286,0,0,1,0,0,1,0
28967,0.059084112470782345,0.42119583770519825,0.6521739130434783,0.11516218750000001,0,0,0,0,1,1,0
29011,0.05238915382778409,0.5864884490297317,0.782608695652174,0.1426538157894737,0,1,0,0,0,1,0
29122,0.027109400064164263,0.31573493987906376,1.0,0.042139791666666676,0,0,0,0,1,1,0
29156,0.038567303726110266,0.07481806336456878,0.9565217391304348,0.018590000000000002,0,0,0,0,1,1,0
29174,0.07403667674962189,0.43443341855873396,0.6521739130434783,0.14757703125000002,0,0,0,0,1,1,0
29297,0.0332148258726012,0.51095384534045,0.26086956521739135,0.07802500000000001,1,0,0,0,0,1,0
29438,0.058258529590854626,0.9502009623606901,0.26086956521739135,0.2405414285714286,1,0,0,0,0,1,0
29615,0.56070397360099,0.6055382718508786,0.0,1.0,1,0,0,0,0,1,0
29698,0.23048719006370597,0.5278398059822846,0.08695652173913043,0.5411383333333334,0,0,0,0,1,1,0
29760,0.005606734191912248,0.932454121052435,0.34782608695652173,0.029312222222222226,0,0,0,0,1,1,0
29869,0.015373233027570989,0.9658676078156011,0.8695652173913043,0.0708304761904762,0,0,0,1,0,1,0
29946,0.11595398505889362,0.3240993383352994,0.6086956521739131,0.17918450000000002,0,0,0,0,1,1,0
29961,0.05300426234016224,0.5298264898043495,0.21739130434782608,0.13386166666666668,0,0,0,0,1,1,0
30482,0.14168843668362435,0.9170710868893084,0.08695652173913043,0.5619491666666667,0,0,0,0,1,1,0
30616,0.3168224941564691,0.9177915549191317,0.043478260869565216,1.0,0,0,1,0,0,1,0
30620,0.031643456227534325,0.3444704361206085,0.26086956521739135,0.05277107142857144,0,0,0,0,1,1,0
30660,0.0307863455120433,0.2759869826531478,0.9130434782608696,0.04199125,1,0,0,0,0,1,0
30738,0.14512580778220815,0.24524328390581884,0.13043478260869565,0.17026500000000003,0,0,0,0,1,1,0
30775,0.04611142871615998,0.18125150039590615,0.782608695652174,0.04288157894736843,0,0,1,0,0,1,0
31002,0.500206242265915,0.225144041175664,0.0,0.5431325,0,0,0,0,1,1,0
31103,0.0336475663412622,0.11067369714426102,0.6521739130434783,0.02093890625,0,0,0,0,1,1,0
31327,0.023175519806896135,0.8356928179028329,0.7391304347826086,0.08856027777777778,0,0,0,0,1,1,0
31343,0.13962601402447408,0.5891411115564295,0.043478260869565216,0.36794000000000004,0,0,1,0,0,1,0
31344,0.0408302396993446,0.9793339138690623,1.0,0.18128968750000002,0,0,0,0,1,1,0
31364,0.06521838764379669,0.8338019557908364,0.6086956521739131,0.23871033333333336,0,1,0,0,0,1,0
31405,0.005988664313977115,0.17223428390574386,0.34782608695652173,0.006582500000000001,0,0,0,0,1,1,0
31656,0.9398460057747835,0.27695683545551736,0.0,1.0,0,0,0,0,1,1,0
31840,0.03799440854301297,0.2829821397618871,0.08695652173913043,0.05329250000000001,0,0,0,0,1,1,0
31911,0.7635088684174344,0.3059660626648705,0.0,1.0,0,0,0,0,1,1,0
32288,0.0354545732312816,0.17266305492556672,0.7391304347826086,0.03193097222222222,0,0,0,0,1,1,0
32510,0.016310325862780146,0.15841636728357394,0.30434782608695654,0.014467187500000001,0,0,0,0,1,1,0
32593,0.05551354324212842,0.15107907100628326,0.8260869565217391,0.043746125000000004,0,0,0,0,1,1,0
32644,0.05695723910353361,0.6584061169060712,0.5652173913043479,0.17045321428571428,0,1,0,0,0,1,0
32675,0.0964225560291489,0.46111023382212274,0.6521739130434783,0.07044120312499998,0,0,0,1,0,1,0
32801,0.04621545442045923,0.16966294041386726,0.6521739130434783,0.0409853125,0,0,0,0,1,1,0
32853,0.045785783033136254,0.13515669208818054,0.13043478260869565,0.033258750000000004,0,0,0,0,1,1,0
32954,0.012252318315840933,0.34194214740987905,0.34782608695652173,0.02142027777777778,0,0,0,0,1,1,0
33086,0.042692149044410835,0.526342481860567,0.13043478260869565,0.09992687500000001,0,0,0,0,1,1,0
33110,0.2735116183143132,0.24608535738058307,0.043478260869565216,0.11848006250000002,0,0,0,1,0,1,0
33277,0.06383198130070122,0.4309318456470589,0.21739130434782608,0.030818166666666653,0,0,0,1,0,1,0
33491,0.004780810302946972,0.4901014347560431,1.0,0.014153541666666668,0,0,0,0,1,1,0
33562,0.11735184930565103,0.367305469692629,0.6086956521739131,0.19460783333333334,0,0,0,0,1,1,0
33568,0.07647659641334878,0.7587325115351949,0.5652173913043479,0.2518683928571429,0,0,0,0,1,1,0
33612,0.007669156851062529,0.9782738756015777,0.34782608695652173,0.040523333333333335,0,0,0,0,1,1,0
33677,0.019792710154321595,0.4856175832214849,0.8695652173913043,0.017811636904761903,0,0,0,1,0,1,0
33873,0.007765469664452801,0.5147043539766145,0.9565217391304348,0.021782608695652177,1,0,0,0,0,1,0
33880,0.034485425546542,0.1243287421176388,0.30434782608695654,0.023664375,0,0,0,0,1,1,0
33950,0.09184655575415922,0.9410337717931123,0.13043478260869565,0.38022937500000004,0,0,0,1,0,1,0
34466,0.07390347861955177,0.04994811113874445,0.17391304347826086,0.026015000000000003,0,0,0,0,1,1,0
34614,0.10330445941610522,0.29226823790897005,0.08695652173913043,0.13904416666666666,0,0,0,0,1,1,0
34952,0.017713919061368533,0.9667381913424035,0.34782608695652173,0.0814013888888889,0,0,0,0,1,1,0
35009,0.016499381273202256,0.9067622497784013,0.8260869565217391,0.070374,0,0,0,0,1,1,0
35522,0.018706937378737187,0.8728888870110154,0.34782608695652173,0.07912972222222223,0,0,0,0,1,1,0
35549,0.05879868790634637,0.9578081262249035,0.5652173913043479,0.24895767857142861,0,1,0,0,0,1,0
35617,0.11017920161327283,0.6939073800248103,0.08695652173913043,0.3440908333333334,1,0,0,0,0,1,0
35645,0.037518000969700475,0.32228236739756827,0.782608695652174,0.016258506578947365,0,0,0,1,0,1,0
35665,0.1042739743413468,0.33057059411655587,0.5217391304347826,0.1587469230769231,0,0,0,0,1,1,0
35968,0.08058411044879935,0.14944368953503795,0.6956521739130435,0.06327808823529413,0,0,0,0,1,1,0
35995,0.009005912278289565,0.2986795335913886,0.30434782608695654,0.014675937500000001,0,0,0,0,1,1,0
36115,0.03400323876743511,0.21983414343392227,0.7391304347826086,0.03799888888888889,0,0,0,0,1,1,0
36123,0.03319845743879842,0.8389328361942114,0.8695652173913043,0.12433630952380953,0,1,0,0,0,1,0
36167,0.035964722751468246,0.6795874208795298,0.26086956521739135,0.039334714285714265,0,0,0,1,0,1,0
36190,0.02419581884726942,0.9798986143629614,0.8695652173913043,0.10837261904761905,0,0,0,1,0,1,0
36717,0.03550640660499041,0.4518538563080284,0.8695652173913043,0.07506714285714286,1,0,0,0,0,1,0
36724,0.02460298363811357,0.6069948276834422,0.30434782608695654,0.06874125,0,1,0,0,0,1,0
37141,0.004107658462807645,0.38356959889217684,0.30434782608695654,0.009458125000000001,0,0,0,0,1,1,0
37239,0.018210428220052862,0.03853657172527636,0.34782608695652173,0.0058961111111111115,0,0,0,0,1,1,0
37310,0.10263990100371236,0.877014618103485,0.17391304347826086,0.39358400000000004,0,0,0,0,1,1,0
37357,0.007532753236039363,0.12729204194724691,0.26086956521739135,0.0062589285714285715,0,0,0,0,1,1,0
37421,0.02064610077122108,0.7646513834775082,0.9130434782608696,0.07397193181818183,0,0,0,0,1,1,0
37478,0.019814534732725302,0.04288317905326876,0.34782608695652173,0.007040833333333335,0,0,0,0,1,1,0
37657,0.019219814971224294,0.459607999332559,0.5652173913043479,0.04252767857142857,0,0,0,0,1,1,0
37909,0.06469132407534717,0.24372981017896117,0.13043478260869565,0.07685750000000001,0,0,0,0,1,1,0
38004,0.04200467482469407,0.4630323546713102,0.17391304347826086,0.088023,0,0,0,0,1,1,0
38064,0.04635294926440259,0.031868583515739415,0.8260869565217391,0.00536775,0,0,0,0,1,1,0
38141,0.6459507768458683,0.1921221767888613,0.0,0.613925,0,0,0,0,1,1,0
38152,0.2915578165818782,0.2903137377103514,0.043478260869565216,0.40386125000000006,0,0,0,0,1,1,0
38156,0.020493968318293327,0.3955119516145522,0.782608695652174,0.0396875,0,0,0,0,1,1,0
38457,0.14787570466107522,0.18864854264683423,0.08695652173913043,0.13572,0,0,0,0,1,1,0
38664,0.16014447535140508,0.4309865595316702,0.5217391304347826,0.10772978846153845,0,0,0,1,0,1,0
38670,0.02442497692050834,0.43398367464068177,0.26086956521739135,0.049931071428571436,0,0,0,0,1,1,0
38683,0.059535267427471464,0.9737026897917477,0.043478260869565216,0.25868875,0,0,0,1,0,1,0
38700,0.11410353361748934,0.358163622525369,0.13043478260869565,0.190653125,0,0,0,0,1,1,0
38950,0.010113509632277678,0.9390491776641436,0.34782608695652173,0.048147777777777775,0,0,0,0,1,1,0
38958,0.023862994026612894,0.20087159674773042,0.34782608695652173,0.026396111111111117,0,0,0,0,1,1,0
39031,0.01494318963038886,0.2590727541420977,0.9130434782608696,0.020209545454545456,0,0,1,0,0,1,0
39147,0.04146451650920233,0.17164164414528915,0.26086956521739135,0.03663678571428572,0,0,0,0,1,1,0
39148,0.017427471469819884,0.4455454987611939,0.30434782608695654,0.038513437500000004,0,0,0,0,1,1,0
39218,0.007115358174068472,0.45681124568203996,0.3913043478260869,0.017820000000000003,0,0,0,0,1,1,0
39474,0.01245822846860634,0.882618041193455,0.9565217391304348,0.0534975,0,0,0,0,1,1,0
39483,0.005809157156606627,0.05298496618007573,0.3913043478260869,0.00267,0,0,0,0,1,1,0
39544,0.03650488106695999,0.7739797561836194,0.17391304347826086,0.128587,0,1,0,0,0,1,0
39631,0.08325312800769971,0.7382977756665026,0.17391304347826086,0.26723,0,0,0,0,1,1,0
40005,0.06076289996267997,0.5356460031448008,0.26086956521739135,0.1469,0,0,0,0,1,1,0
40020,0.002861611439571016,0.06008025803960895,0.30434782608695654,0.0017934375000000001,0,0,0,0,1,1,0
40038,0.07472844768321188,0.8336403313636384,0.17391304347826086,0.271746,0,0,0,0,1,1,0
40130,0.5039873504743573,0.9041358347821127,0.0,1.0,0,0,0,0,1,1,0
40251,0.09700261240203492,0.8169830619031521,0.13043478260869565,0.35198375000000004,1,0,0,0,0,1,0
40369,0.011755809157156606,0.9843740319931519,0.3913043478260869,0.0591165,0,0,0,0,1,1,0
40396,0.03177440369795656,0.39086733810576724,0.8695652173913043,0.05930226190476191,0,0,0,0,1,1,0
40429,0.1707342224666575,0.4510910363219483,0.043478260869565216,0.34104875,0,0,0,0,1,1,0
40685,0.0746597002612402,0.24706069259236002,0.08695652173913043,0.08472666666666667,0,0,0,0,1,1,0
40747,0.0472180209908795,0.9671133332229039,0.7391304347826086,0.20320000000000002,0,0,0,0,1,1,0
40890,0.10544565516293139,0.8487442215212264,0.6521739130434783,0.39520484375000003,0,0,0,0,1,1,0
40930,0.11186263207437414,0.16814821218319803,0.5217391304347826,0.09628615384615385,0,0,0,0,1,1,0
40945,0.15660133898824946,0.15157020722561892,0.5217391304347826,0.12089326923076925,0,0,1,0,0,1,0
41007,0.14546954489206654,0.18189106632011753,0.0,0.13409000000000001,0,0,0,0,1,1,0
41069,0.03329666804161511,0.9234953912758109,1.0,0.1385478125,0,0,0,0,1,1,0
41162,0.6308263440120996,0.3596404993435303,0.0,1.0,0,0,0,0,1,1,0
41262,0.11506203132767137,0.8245338681709786,0.5217391304347826,0.40903076923076925,1,0,0,0,0,1,0
41632,0.06002632044155486,0.28159707283036955,0.5652173913043479,0.07995375,1,0,0,0,0,1,0
41871,0.02481781933177506,0.7359955930986952,0.13043478260869565,0.083929375,0,0,0,0,1,1,0
41955,0.11805651038086071,0.7976423139370706,0.13043478260869565,0.41626250000000004,0,1,0,0,0,1,0
42128,0.09573508180943215,0.13359185259996703,0.6521739130434783,0.06796281250000001,0,0,0,0,1,1,0
42231,0.031301951176830864,0.23191391993868687,0.9130434782608696,0.03577647727272728,0,0,0,0,1,1,0
42321,0.024860786470507358,0.6345249443062523,0.30434782608695654,0.0737346875,0,0,0,0,1,1,0
42338,0.01447133232503781,0.5524554591925039,0.3913043478260869,0.037181,0,0,0,0,1,1,0
42436,0.03318208900499564,0.8366231852279264,0.08695652173913043,0.12667,0,0,0,0,1,1,0
42439,0.033640405151473485,0.07907371399696343,0.08695652173913043,0.016750833333333333,0,0,0,0,1,1,0
42524,0.011471852414230117,0.4158077503442965,0.9565217391304348,0.024447391304347827,0,0,0,0,1,1,0
42844,0.010054310463357623,0.258640658408062,0.8260869565217391,0.014159125,0,0,1,0,0,1,0
42859,0.07475015739541346,0.5070390394800358,0.782608695652174,0.17038407894736846,0,1,0,0,0,1,0
42888,0.04695853317265308,0.519870263408517,0.6956521739130435,0.03622774264705881,0,0,0,1,0,1,0
42892,0.04701341556834476,0.6321597187058282,0.26086956521739135,0.1373432142857143,0,1,0,0,0,1,0
42934,0.02288429808882167,0.10008214044407841,0.30434782608695654,0.013933750000000002,0,0,0,0,1,1,0
42991,0.04716073147256978,0.17177020136445498,0.17391304347826086,0.0416115,0,0,0,0,1,1,0
43023,0.017795761230382432,0.4261323555275277,0.5652173913043479,0.037225178571428576,0,0,0,0,1,1,0
43072,0.025476648792336958,0.5099627125329668,1.0,0.020976088541666667,0,0,0,1,0,1,0
43138,0.06761308950914341,0.22920770262926943,0.043478260869565216,0.0747875,0,0,0,0,1,1,0
43139,0.16643750859342774,0.5812229495502037,0.0,0.44050750000000005,1,0,0,0,0,1,0
43198,0.034514824115148314,0.2561302269195308,0.782608695652174,0.04421065789473685,0,0,0,0,1,1,0
43204,0.00442275081351116,0.07014010981196017,1.0,0.0025946875,0,0,0,0,1,1,0
43237,0.029097346349511895,0.7005210778719009,0.8260869565217391,0.093158625,1,0,0,0,0,1,0
43273,0.018525935712193405,0.03235909959139649,0.9565217391304348,0.0022700000000000003,0,0,0,0,1,1,0
43395,0.06852531491607526,0.8393197539254491,0.5217391304347826,0.2545596153846154,0,0,1,0,0,1,0
43454,0.0461104236368914,0.21777701104515657,0.7391304347826086,0.04956847222222223,0,0,0,0,1,1,0
43589,0.07180870423241481,0.872999790434743,0.6956521739130435,0.27490441176470587,1,0,0,0,0,1,0
43619,0.028225300246892918,0.4980874392886189,0.9565217391304348,0.0674533695652174,1,0,0,0,0,1,0
43692,0.03533999419466214,0.6399894845763359,0.7391304347826086,0.10525111111111113,0,0,0,0,1,1,0
43717,0.2495073101425363,0.4664208252217276,0.08695652173913043,0.5143058333333334,0,0,0,0,1,1,0
43848,0.006256015399422521,0.05180057856028808,0.34782608695652173,0.0028091666666666673,0,0,0,0,1,1,0
43996,0.028664401275428363,0.20465591712227266,0.8695652173913043,0.008137791666666666,0,0,0,1,0,1,0
44011,0.04154635867821623,0.6984696819680938,1.0,0.12973239583333335,0,0,0,0,1,1,0
44124,0.006668499931252578,0.5834581501653976,0.3913043478260869,0.021329250000000004,0,0,0,0,1,1,0
44301,0.0051560566478757045,0.6847362699501309,0.3913043478260869,0.02088325,0,0,0,0,1,1,0
44311,0.014033067509968375,0.9756500888240477,0.30434782608695654,0.06419375000000001,0,0,0,0,1,1,0
44429,0.062399743342957975,0.4542237824244074,0.8695652173913043,0.1315611904761905,1,0,0,0,0,1,0
44465,0.2387941702186168,0.8769085582083241,0.043478260869565216,0.88811375,0,0,0,0,1,1,0
44466,0.06967551216829368,0.8219086107648277,0.13043478260869565,0.25511812500000003,0,0,0,0,1,1,0
44564,0.005912278289564141,0.9588074789210609,0.9565217391304348,0.030701956521739134,0,1,0,0,0,1,0
44587,0.014634607452220541,0.9712098421663106,0.30434782608695654,0.0692809375,0,0,0,0,1,1,0
44626,0.02869918419725927,0.3520597376222618,1.0,0.048901458333333335,0,1,0,0,0,1,0
44737,0.012290511328047421,0.08452671525577057,0.7391304347826086,0.006882500000000001,0,0,0,0,1,1,0
44746,0.0001718685549291902,0.5256033225034573,0.3913043478260869,0.0044245000000000005,0,0,0,0,1,1,0
44959,0.02768229524726156,0.8631443381592532,1.0,0.11053614583333335,0,0,0,0,1,1,0
45111,0.02451227523412317,0.5660780083872688,0.34782608695652173,0.06308666666666668,0,0,0,0,1,1,0
45125,0.06358774703843342,0.10886566275455002,0.782608695652174,0.03870368421052632,0,0,0,0,1,1,0
45206,0.10903341124707823,0.23790688184909936,0.08695652173913043,0.1266275,0,0,0,0,1,1,0
45404,0.03159435092612598,0.607316033731742,0.8695652173913043,0.08823583333333335,0,0,0,0,1,1,0
45681,0.05460836885283468,0.27597141726020796,0.21739130434782608,0.07227833333333333,0,0,0,0,1,1,0
45749,1.0,0.03776412527908643,0.0,0.113330375,0,0,0,0,1,1,0
45837,0.0007562216416884366,0.33307483511515124,0.3913043478260869,0.0036070000000000004,0,0,0,0,1,1,0
46168,0.041562727112019006,0.4908312459668343,0.5652173913043479,0.09528500000000001,1,0,0,0,0,1,0
46181,0.013708860917715584,0.37428223128889504,0.9130434782608696,0.026003522727272726,0,0,0,0,1,1,0
46354,0.04064609481906333,0.9849570247505536,0.8695652173913043,0.17577952380952383,0,0,0,0,1,1,0
46366,0.10490856592877766,0.9932879254498371,0.08695652173913043,0.4413008333333334,0,0,0,1,0,1,0
46640,0.028614551954301716,0.4216520389038421,0.9130434782608696,0.05684920454545456,0,0,0,0,1,1,0
46787,0.041805669129512904,0.25231365537442324,0.782608695652174,0.05148881578947369,0,0,0,0,1,1,0
46795,0.11519423790838612,0.7088607915327593,0.5217391304347826,0.3594348076923077,1,0,0,0,0,1,0
46933,0.08451349741051377,0.47674151357749167,0.21739130434782608,0.1859029166666667,0,1,0,0,0,1,0
46937,0.6696686374260966,0.8451781221876028,0.0,1.0,1,0,0,0,0,1,0
46983,0.06213477932077546,0.8869052061893054,0.6521739130434783,0.24013781250000002,0,0,1,0,0,1,0
47028,0.03341124707823456,0.5272915384405418,0.30434782608695654,0.08329062500000001,0,0,0,0,1,1,0
47065,0.05993629405563958,0.8904738516484317,0.21739130434782608,0.23644250000000003,0,0,0,1,0,1,0
47291,0.0695565262456504,0.7997030057590134,0.5217391304347826,0.24157865384615385,0,0,1,0,0,1,0
47308,0.12312663275127182,0.09388378449335201,0.17391304347826086,0.06738300000000001,0,0,0,0,1,1,0
47613,0.17583298959622348,0.80710873255743,0.08695652173913043,0.6219691666666667,0,0,0,0,1,1,0
47619,0.005602914890691599,0.24977410459559268,0.3913043478260869,0.0087285,0,0,0,0,1,1,0
47729,0.03490077455428754,0.680373403145502,0.08695652173913043,0.10913916666666668,0,0,0,0,1,1,0
47855,0.41255327925202806,0.03769649262213497,0.043478260869565216,0.12461625000000001,0,0,0,0,1,1,0
47952,0.018587584215591917,0.6803968348054383,0.30434782608695654,0.020083203124999994,0,0,0,1,0,1,0
48175,0.10810961776433384,0.0176067670640676,0.6521739130434783,0.009573125,0,0,0,0,1,1,0
48446,0.008662175168431183,0.26857166977497327,0.3913043478260869,0.01311725,0,0,0,0,1,1,0
48668,0.028770796095146434,0.7510326462750783,0.30434782608695654,0.09951562500000001,0,0,0,0,1,1,0
48723,0.050116870617351844,0.06324898033779054,0.6086956521739131,0.021338000000000003,0,0,0,0,1,1,0
48759,0.08576505304128018,0.1878340672020678,0.5217391304347826,0.08087019230769231,0,0,0,0,1,1,0
49054,0.023180975951497058,0.8056497910721362,0.8695652173913043,0.0854977380952381,0,0,0,0,1,1,0
49092,0.047344057931160914,0.06505931221892927,0.6086956521739131,0.020651666666666665,0,0,0,0,1,1,0
49099,0.06648237533197768,0.184138837358493,0.782608695652174,0.06224618421052632,0,0,0,0,1,1,0
49321,0.03702048673174756,0.355510595902327,0.8260869565217391,0.06179375000000001,0,0,0,0,1,1,0
49363,0.08504056097896329,0.8567833783562278,0.17391304347826086,0.315376,1,0,0,0,0,1,0
49495,0.03799440854301297,0.7754895878463358,0.7391304347826086,0.13479722222222223,1,0,0,0,0,1,0
49562,0.042833687854352515,0.329851194186784,0.6956521739130435,0.06738514705882354,0,0,1,0,0,1,0
49635,0.1143745571079546,0.39452684410445227,0.5217391304347826,0.20490211538461542,1,0,0,0,0,1,0
49688,0.6359824006599752,0.6956064087668495,0.0,1.0,0,1,0,0,0,1,0
49801,0.044598327562716394,0.9829314998134159,0.9130434782608696,0.1905121590909091,0,0,0,0,1,1,0
49957,0.005431046335762409,0.4350869178108045,0.3913043478260869,0.004833487499999997,0,0,0,1,0,1,0
50101,0.08392150572131322,0.8646629386676224,0.7391304347826086,0.3172501388888889,0,0,0,0,1,1,0
50191,0.25409047160731474,0.8031028321348768,0.0,0.8903175000000001,0,0,0,0,1,1,0
50350,0.022608080768399756,0.9893924830496285,0.26086956521739135,0.10200535714285715,0,0,0,0,1,1,0
50388,0.07101608689674137,0.08584027463758861,0.17391304347826086,0.03690550000000001,0,0,0,0,1,1,0
50389,0.1347872531703138,0.5097105049951512,0.5217391304347826,0.3062865384615385,0,0,1,0,0,1,0
50551,0.005602914890691599,0.8250914053444147,0.3913043478260869,0.024616750000000003,0,0,0,0,1,1,0
50673,0.11857211604564828,0.8181554150466455,0.13043478260869565,0.41703187500000005,0,0,0,0,1,1,0
51005,0.09950043540033915,0.7512913585593342,0.6086956521739131,0.3315456666666667,0,0,0,0,1,1,0
51053,0.0930005303372552,0.48483539494231404,0.5652173913043479,0.20348732142857143,0,0,0,0,1,1,0
51091,0.04552798020074247,0.40817673091102225,0.13043478260869565,0.08897250000000001,0,1,0,0,0,1,0
51103,0.034655248047245846,0.9224752355026881,0.8695652173913043,0.14508452380952383,1,0,0,0,0,1,0
51114,0.214560703973601,0.28939085774795387,0.08695652173913043,0.28832833333333335,0,0,1,0,0,1,0
51847,0.039844041562727105,0.6410478569527064,0.26086956521739135,0.11465035714285715,0,0,0,0,1,1,0
51854,0.06996195975984235,0.8462750768132836,0.08695652173913043,0.2614475,1,0,0,0,0,1,0
52000,0.096290585531614,0.28908823315374116,0.5652173913043479,0.13088089285714288,0,1,0,0,0,1,0
52015,0.007041700221955962,0.05427829315971809,0.26086956521739135,0.0032221428571428574,0,0,0,0,1,1,0
52111,0.028140611393739405,0.5449536735913837,1.0,0.07255572916666668,0,1,0,0,0,1,0
52128,0.020731167025680983,0.07733441183741734,0.34782608695652173,0.009899444444444445,0,0,0,0,1,1,0
52240,0.004812319538017324,0.5744980431437049,0.3913043478260869,0.016015750000000002,0,0,0,0,1,1,0
52476,0.09860671891470738,0.9057698011928843,0.08695652173913043,0.3896191666666667,0,1,0,0,0,1,0
52736,0.04742808255801518,0.35631331236357977,0.7391304347826086,0.07951319444444445,0,0,0,0,1,1,0
52820,0.02986450508105946,0.5620046222617163,0.9130434782608696,0.07905670454545456,0,0,0,0,1,1,0
53038,0.0598575209679637,0.6719640680651057,0.6521739130434783,0.18157343750000002,0,0,0,0,1,1,0
53146,0.06552918328062697,0.06228035558437975,0.6521739130434783,0.010505999999999998,0,0,0,0,1,1,0
53211,0.038447742992246486,0.36488392430040373,0.9565217391304348,0.06715923913043478,0,0,0,0,1,1,0
53233,0.08483960697627685,0.755713329116505,0.5217391304347826,0.2843569230769231,0,0,0,0,1,1,0
53278,0.14693042760896466,0.44357935061703935,0.13043478260869565,0.29822875000000004,1,0,0,0,0,1,0
53325,0.03673403914019891,0.419476047256434,0.21739130434782608,0.026631645833333335,0,0,0,1,0,1,0
53438,0.02281268619093451,0.7963055377168736,1.0,0.08352739583333335,0,0,0,0,1,1,0
53677,0.025520238643224794,0.8932910850404752,0.9565217391304348,0.10362510869565218,0,0,0,0,1,1,0
53815,0.06489352237526387,0.24225261584075686,0.6956521739130435,0.07761029411764707,0,0,0,0,1,1,0
53976,0.16660937714835694,0.9888924143252088,0.043478260869565216,0.6979175000000001,0,0,0,0,1,1,0
54011,0.061253952976763365,0.5773425580620551,0.043478260869565216,0.16008125,0,0,0,0,1,1,0
54228,0.06434758696548878,0.46013126907245,0.08695652173913043,0.13748500000000002,0,0,0,0,1,1,0
54569,0.10742930473440579,0.47204671692565997,0.08695652173913043,0.225,1,0,0,0,0,1,0
54633,0.03774615396367081,0.9064369978343677,0.7391304347826086,0.1524188888888889,1,0,0,0,0,1,0
54799,0.014925829170295004,0.6535356644379016,0.34782608695652173,0.04604388888888889,0,0,0,0,1,1,0
54815,0.5761721435446171,0.3757941671276185,0.0,0.9855250000000001,0,0,1,0,0,1,0
54889,0.049016911865805035,0.34819834744568084,0.6086956521739131,0.08198766666666667,0,0,0,0,1,1,0
54918,0.017920161327283562,0.5286626209330528,0.6086956521739131,0.0458145,0,0,0,0,1,1,0
55016,0.06595169347816122,0.8955703288563917,0.21739130434782608,0.2594216666666667,1,0,0,0,0,1,0
55025,0.245325175305926,0.8398476961409114,0.043478260869565216,0.8924562500000001,0,0,0,0,1,1,0
55133,0.08827168981163207,0.5764410996002269,0.17391304347826086,0.058046425000000006,0,0,0,1,0,1,0
55376,0.0159809111324992,0.2060850996000821,1.0,0.0177196875,0,0,0,0,1,1,0
55400,0.02768229524726156,0.5288190427182772,1.0,0.0690784375,0,0,0,0,1,1,0
55541,0.01746184518080572,0.5155584694647867,0.17391304347826086,0.04386350000000001,1,0,0,0,0,1,0
55566,0.04246299097117191,0.1963071345446969,0.8695652173913043,0.04213130952380953,0,0,0,0,1,1,0
55685,0.03016136894866443,0.3014487157460073,0.9130434782608696,0.044873636363636366,0,0,0,0,1,1,0
56082,0.033951405393726306,0.4314892390425363,0.26086956521739135,0.06708714285714286,0,0,1,0,0,1,0
56144,0.020120078830377197,0.8538125257803324,0.34782608695652173,0.08169777777777779,0,0,0,0,1,1,0
56200,0.0,0.6365168233769506,0.3913043478260869,0.004930500000000001,0,0,0,0,1,1,0
56252,0.17391379073284752,0.8828218839202054,0.13043478260869565,0.652539375,1,0,0,0,0,1,0
56329,0.17228103946102022,0.853187019751281,0.0,0.6457675,1,0,0,0,0,1,0
56612,0.25684036848618175,0.06492986775031308,0.0,0.106395,0,0,0,0,1,1,0
56678,0.24790320362986387,0.22028509133958735,0.0,0.2633475,0,0,0,0,1,1,0
56722,0.04876483798524221,0.6051784956679747,0.7391304347826086,0.13504944444444447,1,0,0,0,0,1,0
56727,0.05029255847350168,0.7053510219036292,0.7391304347826086,0.15809597222222224,0,0,1,0,0,1,0
57086,0.00918682654663608,0.8763695549386654,0.782608695652174,0.040945,0,0,0,0,1,1,0
57340,0.11322700398735047,0.26055240591129264,0.17391304347826086,0.143509,0,0,0,0,1,1,0
57447,0.04475457170356111,0.5520755050912277,0.26086956521739135,0.11435750000000001,0,0,0,0,1,1,0
57569,0.009627912762795204,0.6998886495592909,0.8695652173913043,0.034191428571428574,1,0,0,0,0,1,0
57638,0.6301388697923829,0.804735530713998,0.0,1.0,0,0,0,0,1,1,0
57688,0.05310247294297892,0.45403799738404477,0.26086956521739135,0.1090732142857143,0,0,0,0,1,1,0
57706,0.17365598790045372,0.317042986485112,0.043478260869565216,0.26024625,0,0,0,0,1,1,0
57874,0.028799440854301295,0.7766496707377956,1.0,0.10118666666666667,0,0,1,0,0,1,0
58127,0.05455107933452495,0.08777561323408321,0.5652173913043479,0.028589107142857145,0,0,0,0,1,1,0
58405,0.2458407809707136,0.9746471691339907,0.0,1.0,0,0,0,0,1,1,0
58411,0.0064054663167522514,0.803682074837277,0.9565217391304348,0.027899891304347828,0,0,1,0,0,1,0
58540,0.004159219029286401,0.9999999999999999,0.3913043478260869,0.023446500000000002,0,0,0,0,1,1,0
58642,0.08923415371923551,0.9484983055425752,0.17391304347826086,0.367397,0,1,0,0,0,1,0
58984,0.010597957839738903,0.6502306474586241,0.782608695652174,0.03496276315789474,0,1,0,0,0,1,0
58998,0.02578355692613908,0.1674908089746997,0.8695652173913043,0.022848333333333335,0,0,0,0,1,1,0
59010,0.02572946992748642,0.24992122998049437,0.9565217391304348,0.033432826086956524,0,1,0,0,0,1,0
59377,0.008284064347586965,0.5604673655078602,0.3913043478260869,0.025112500000000003,0,0,0,0,1,1,0
59472,0.09173913790732847,0.04434523603673997,0.6521739130434783,0.030824531250000002,0,0,0,0,1,1,0
59524,0.0355882487740043,0.7604859121342793,0.21739130434782608,0.11956916666666667,0,0,1,0,0,1,0
59615,0.0004812319538017326,0.8246167588240196,0.3913043478260869,0.007503,0,0,0,0,1,1,0
59877,0.04548501306201017,0.04362309712575127,0.6521739130434783,0.015234687500000002,0,0,0,0,1,1,0
59890,0.0666744227860686,0.4910733360717871,0.5217391304347826,0.14608923076923078,0,0,1,0,0,1,0
59900,0.029787685045144143,0.09493769023714647,1.0,0.01712125,0,0,0,0,1,1,0
60092,0.016825931527567718,0.2545411963730898,0.8260869565217391,0.022314125,0,0,0,0,1,1,0
60280,0.1122063691842325,0.933894809337259,0.5217391304347826,0.45910461538461544,1,0,0,0,0,1,0
60289,0.028226545671204,0.28327733400306004,1.0,0.03925166666666667,0,0,0,0,1,1,0
60416,0.076795780872503,0.15249099987867326,0.5652173913043479,0.06019625000000001,0,0,0,0,1,1,0
60636,0.10456482881891929,0.055103541008165086,0.08695652173913043,0.040885833333333337,0,0,0,0,1,1,0
60934,0.017900109995875157,0.6600839328613908,0.30434782608695654,0.0,0,0,0,1,0,1,0
61028,0.006796173714914262,0.4272389241365062,0.8695652173913043,0.015930357142857142,0,0,0,0,1,1,0
61041,0.013703652779687428,0.8518757718767772,0.34782608695652173,0.05748305555555556,0,0,0,0,1,1,0
61065,0.062491406572253536,0.3940051260820209,0.17391304347826086,0.11611300000000001,0,0,0,0,1,1,0
61238,0.0003437371098583802,0.9929046888999741,0.3913043478260869,0.008418750000000001,0,0,0,0,1,1,0
61567,0.0558754781989793,0.6699487442406775,0.6956521739130435,0.1694644117647059,1,0,0,0,0,1,0
61628,0.053125581320112254,0.7892956536154536,0.6956521739130435,0.18521058823529415,0,1,0,0,0,1,0
61918,0.03921181080709473,0.226602806018726,0.30434782608695654,0.045487187500000005,0,0,0,0,1,1,0
62050,0.039075436845031356,0.9583071129704577,0.9565217391304348,0.16789489130434784,0,0,0,0,1,1,0
62163,0.007729174441672723,0.8232706336358223,0.26086956521739135,0.03347357142857143,0,0,1,0,0,1,0
62196,0.11595398505889362,0.9119957711472105,0.6086956521739131,0.46182150000000005,0,0,0,0,1,1,0
62214,0.14383679362023924,0.36073174428578064,0.13043478260869565,0.23559500000000003,0,0,0,0,1,1,0
62526,0.031005087309225906,0.730942989628165,0.9565217391304348,0.10298304347826087,0,0,0,0,1,1,0
62532,0.04601494110637517,0.7965981771730684,0.7391304347826086,0.16508944444444446,0,0,0,0,1,1,0
62993,0.03329666804161511,0.3949193641924375,0.7391304347826086,0.06210111111111112,0,0,0,0,1,1,0
63068,0.014352933987197702,0.6735951096265119,0.34782608695652173,0.04483694444444445,0,0,0,0,1,1,0
63134,0.03316860911833453,0.05218981915918726,0.6956521739130435,0.00468243382352941,0,0,0,0,1,1,0
63165,0.04020005499793757,0.3941240595739974,1.0,0.07240239583333334,0,1,0,0,0,1,0
63273,0.03343989183738943,0.2794621238847647,1.0,0.04432010416666667,0,0,0,0,1,1,0
63462,0.1493365873779733,0.9279431354146199,0.13043478260869565,0.602765,1,0,0,0,0,1,0
63493,0.05492195358463531,0.14260375875121156,0.782608695652174,0.04202644736842105,0,0,0,0,1,1,0
63603,0.09134417074744312,0.6175841056529962,0.5217391304347826,0.2511365384615385,1,0,0,0,0,1,0
63624,0.05833218754296714,0.15924050391521122,0.7391304347826086,0.04817666666666667,0,0,0,0,1,1,0
63638,0.016868898666300015,0.3561849496702179,0.30434782608695654,0.012410296874999996,0,0,0,1,0,1,0
63648,0.024506819089522243,0.9489989600926237,0.8695652173913043,0.10726166666666667,0,0,0,0,1,1,0
63719,0.11350199367523718,0.09217491490953257,0.043478260869565216,0.060341250000000006,0,0,0,0,1,1,0
64093,0.10879709198405059,0.8217063475095229,0.6521739130434783,0.39207625,1,0,0,0,0,1,0
64103,0.0019593015261927674,0.8759088593398457,0.3913043478260869,0.014452750000000002,0,0,0,0,1,1,0
64207,0.03460614274583751,0.03515566228783841,0.8695652173913043,0.01059154761904762,0,0,0,0,1,1,0
64252,0.08077331028657854,0.7836199778896117,0.5652173913043479,0.2809808928571429,1,0,0,0,0,1,0
64404,0.006146644500831219,0.2657610080815269,0.9130434782608696,0.009702613636363638,0,0,0,0,1,1,0
64433,0.04622500267351085,0.7411004112490757,0.7391304347826086,0.1521276388888889,0,0,0,0,1,1,0
64504,0.021021766031599904,0.21838889666317074,0.9565217391304348,0.024051195652173916,0,0,0,0,1,1,0
64746,0.11221297951326825,0.7480359024351484,0.13043478260869565,0.37038000000000004,0,0,0,0,1,1,0
64998,0.08458224483248544,0.7622704411832824,0.6086956521739131,0.28279000000000004,0,0,0,0,1,1,0
65119,0.021128374352628446,0.1886904985956464,0.6086956521739131,0.020973833333333334,0,0,0,0,1,1,0
65244,0.013990100371236077,0.023441949381233555,0.3913043478260869,0.0037912500000000003,0,0,0,0,1,1,0
65318,0.39261652688024196,0.9680463155578055,0.0,1.0,0,0,0,1,0,1,0
65324,0.2370754846693249,0.657138791884632,0.043478260869565216,0.69140875,0,1,0,0,0,1,0
65894,0.06873023511618315,0.4675150360246519,0.13043478260869565,0.14827937500000002,0,1,0,0,0,1,0
65937,0.0063008506746214405,0.8759736139563014,0.9565217391304348,0.029724565217391308,0,0,1,0,0,1,0
66067,0.10742930473440579,0.090905727734451,0.08695652173913043,0.055206666666666675,0,0,0,0,1,1,0
66419,0.006556785370548605,0.607016186779367,0.30434782608695654,0.0214171875,0,0,1,0,0,1,0
66455,0.05727642356268782,0.9750608229214198,0.5652173913043479,0.24309732142857143,0,1,0,0,0,1,0
66602,0.0594665200054998,0.6235686627955422,0.17391304347826086,0.16131500000000001,1,0,0,0,0,1,0
66646,0.061005698397421204,0.7354754801450651,0.7391304347826086,0.2018736111111111,1,0,0,0,0,1,0
66695,0.0530823844105846,0.2684966996051578,0.9130434782608696,0.06859727272727273,0,0,0,0,1,1,0
66916,0.015575110377805278,0.8158512387043186,0.34782608695652173,0.06403916666666667,0,0,0,0,1,1,0
67009,0.04073549164983236,0.17895597298994814,0.5217391304347826,0.037668269230769234,0,0,0,0,1,1,0
67103,0.02129077768279342,0.03557600726018739,0.9565217391304348,0.006670978260869566,0,0,0,0,1,1,0
67113,0.12089234153719235,0.5696373531757667,0.5652173913043479,0.30659250000000005,0,0,1,0,0,1,0
67286,0.015058674430143653,0.32440694477042564,0.9565217391304348,0.009286614130434778,0,0,0,1,0,1,0
67330,0.03395398988327411,0.3110820803393224,0.782608695652174,0.05060815789473685,0,0,1,0,0,1,0
67362,0.049498143819606766,0.794570501864197,0.17391304347826086,0.174016,0,0,1,0,0,1,0
67369,0.15475044685824282,0.7987618965020336,0.5217391304347826,0.546160576923077,0,0,0,1,0,1,0
67402,0.09597140107245979,0.19406081770634648,0.13043478260869565,0.09427125,0,0,0,0,1,1,0
67667,0.395366423759109,0.1459537621148228,0.0,0.3013925,0,0,0,0,1,1,0
67728,0.02521066174304178,0.26264504929600896,0.8695652173913043,0.033791904761904766,0,1,0,0,0,1,0
67873,0.02251191621980843,0.1797186433167034,1.0,0.0217890625,0,0,0,0,1,1,0
67877,0.04561391447820706,0.20025375150960006,0.9130434782608696,0.046489431818181826,0,0,0,0,1,1,0
67941,0.03076989876037543,0.6947159730006004,0.782608695652174,0.09881118421052633,0,1,0,0,0,1,0
68011,0.07019111783308125,0.7819804723548818,0.043478260869565216,0.24252,0,0,0,0,1,1,0
68092,0.01591339134306273,0.5530336013063595,0.8695652173913043,0.042343928571428574,0,0,0,0,1,1,0
68098,0.016611095833906228,0.8942682366026056,0.30434782608695654,0.0718959375,0,0,0,0,1,1,0
68122,0.049517785940170096,0.714170008085128,0.8695652173913043,0.15634309523809525,0,0,0,0,1,1,0
68146,0.03348285897612172,0.7425107204582271,1.0,0.11448302083333335,0,0,0,0,1,1,0
68208,0.02910021082542738,0.14265431129395922,1.0,0.022770208333333337,0,0,1,0,0,1,0
68421,0.06801411613731151,0.8830859791489166,0.6086956521739131,0.26003200000000004,0,0,0,0,1,1,0
68475,0.026948989412897018,0.654723631767549,0.8260869565217391,0.08247925,0,0,0,0,1,1,0
68476,0.07306765469979086,0.4967005194082647,0.782608695652174,0.16404184210526318,0,0,0,0,1,1,0
68494,0.046151003712360784,0.3907025896253231,0.6521739130434783,0.08604546875,1,0,0,0,0,1,0
68587,0.02829815756909116,0.9181929874664017,0.30434782608695654,0.12272375,0,0,0,0,1,1,0
68588,0.13068884916815618,0.22636826579296276,0.043478260869565216,0.14348750000000002,0,0,0,0,1,1,0
68592,0.29551079334524955,0.6054633542497776,0.043478260869565216,0.7972325,0,0,0,0,1,1,0
68748,0.06295545167056235,0.4543951176669562,0.8260869565217391,0.13132425,0,0,0,0,1,1,0
68765,0.040777042289485574,0.42625104104447464,0.26086956521739135,0.08156857142857143,0,1,0,0,0,1,0
68879,0.014290870342362162,0.030012284451404636,0.30434782608695654,0.0044790625,0,0,0,0,1,1,0
68972,0.07000913936315623,0.9379676991644728,0.6956521739130435,0.2851732352941177,1,0,0,0,0,1,0
69054,0.26268389935377423,0.8883236015874398,0.08695652173913043,0.9857508333333334,0,0,1,0,0,1,0
69057,0.06235753001367712,0.897534781453077,0.782608695652174,0.2470528947368421,0,0,0,1,0,1,0
69144,0.06658187817956826,0.8712984402633608,0.21739130434782608,0.25590583333333333,1,0,0,0,0,1,0
69263,0.02937685889410726,0.18876810563347873,0.782608695652174,0.028757500000000002,0,0,0,0,1,1,0
69577,0.0363330125120308,0.025892463289001293,0.30434782608695654,0.0095334375,0,0,0,0,1,1,0
69580,0.055358861542692143,0.7244771361346741,0.8260869565217391,0.17867625,0,0,0,0,1,1,0
69649,0.416162518905541,0.040861648656305594,0.043478260869565216,0.13072,0,0,0,0,1,1,0
69650,0.032527351652884444,0.04125299179612414,0.26086956521739135,0.010863928571428571,0,0,0,0,1,1,0
69661,0.01628168110362528,0.8752782426534802,1.0,0.06863875000000001,0,0,0,0,1,1,0
69671,0.024130345112058298,0.5201772989228268,0.13043478260869565,0.059274375000000004,0,0,0,0,1,1,0
69694,0.046645125807782205,0.13619363834353004,0.13043478260869565,0.033964375000000005,0,0,0,0,1,1,0
69741,0.033640405151473485,0.045240424023490045,0.08695652173913043,0.011899166666666669,0,0,0,0,1,1,0
69793,0.13412622026673998,0.5947794410327188,0.0,0.34534750000000003,0,0,0,0,1,1,0
69814,0.060451899720427145,0.43713219794123837,0.7391304347826086,0.11989027777777779,0,1,0,0,0,1,0
69977,0.17560383152298453,0.5450393321638808,0.08695652173913043,0.4251475,0,0,0,0,1,1,0
69993,0.16758329895962235,0.9876847968094725,0.08695652173913043,0.7030591666666668,0,0,0,0,1,1,0
69998,0.036848618176818365,0.5171718715754829,0.17391304347826086,0.08627750000000001,0,0,1,0,0,1,0
70036,0.06773207543178669,0.42480524864536157,0.5217391304347826,0.13315403846153848,0,0,1,0,0,1,0
70140,0.2944795820156744,0.7851719767596288,0.043478260869565216,0.9966462500000001,0,0,0,0,1,1,0
70167,0.007080984463082633,0.8928889519548734,0.3913043478260869,0.03459475,0,0,0,0,1,1,0
70252,0.01643063385123058,0.8226454926715735,0.6086956521739131,0.06366050000000001,0,0,0,1,0,1,0
70340,0.11962051423071635,0.570481404628043,0.6086956521739131,0.30746683333333336,0,0,0,0,1,1,0
70358,0.10088193121329378,0.758572401561533,0.5652173913043479,0.3305382142857143,1,0,0,0,0,1,0
70400,0.04607223062468491,0.7944636070872819,0.7391304347826086,0.1632715277777778,0,0,0,0,1,1,0
70470,0.0238848186050166,0.06725665751415473,0.26086956521739135,0.010596428571428573,0,0,0,0,1,1,0
70501,0.033583115633163754,0.4685607354941584,0.7391304347826086,0.07217777777777779,0,0,0,0,1,1,0
70687,0.26371511068334935,0.3520155811951791,0.0,0.43696,0,0,0,0,1,1,0
70779,0.5541729685136808,0.11882797012720807,0.0,0.357665,0,0,0,0,1,1,0
70825,0.1287982950639351,0.3506513436717655,0.13043478260869565,0.20766562500000002,0,0,0,0,1,1,0
70972,0.06870159035702827,0.5915025800133521,0.08695652173913043,0.18355083333333333,0,1,0,0,0,1,0
71570,0.035964722751468246,0.2669216076919866,0.26086956521739135,0.04610892857142857,0,0,0,0,1,1,0
71650,0.01798791240980637,0.48319276121316784,0.9565217391304348,0.04223271739130435,0,0,0,0,1,1,0
71683,0.06572253540492232,0.3011939475301479,0.17391304347826086,0.09211000000000001,0,0,0,0,1,1,0
71773,0.033640405151473485,0.3701941917104104,0.21739130434782608,0.05992000000000001,0,0,0,0,1,1,0
71860,0.051056418717631426,0.09026063370280392,0.8695652173913043,0.02765154761904762,0,0,0,0,1,1,0
71927,0.009994156469132407,0.030893001532987907,0.30434782608695654,0.0031018750000000005,0,0,0,0,1,1,0
72021,0.0525459461936844,0.7523321302477034,0.21739130434782608,0.17640958333333334,0,0,0,0,1,1,0
72165,0.07181432085185695,0.0379857419953408,0.7391304347826086,0.02218180555555556,0,0,0,0,1,1,0
72181,0.026334306581150265,0.18539585599548553,0.6956521739130435,0.02565573529411765,0,0,0,0,1,1,0
72410,0.029802007424721572,0.9704086553885262,0.30434782608695654,0.13341750000000002,0,0,0,0,1,1,0
72432,0.7989137907328475,0.7784005260191129,0.0,1.0,1,0,0,0,0,1,0
72726,0.2943077134607452,0.4003994076021275,0.0,0.5405425,0,0,1,0,0,1,0
73035,0.06919428021449195,0.39835319328864727,0.8260869565217391,0.128911625,1,0,0,0,0,1,0
73037,0.005534167468719923,0.16229759579537,0.3913043478260869,0.001441375,0,0,0,1,0,1,0
73047,0.030661350199367523,0.5767153874513934,0.26086956521739135,0.034294464285714275,0,0,1,0,0,1,0
73140,0.0051560566478757045,0.6179674819369463,0.3913043478260869,0.018138,0,0,0,0,1,1,0
73146,0.014970762125832046,0.26954074846695336,0.6956521739130435,0.021018823529411767,0,0,1,0,0,1,0
73213,0.07758146569503643,0.30136354380606195,0.13043478260869565,0.10950437500000001,0,0,0,0,1,1,0
73355,0.03661946010357944,0.7275629953946284,0.21739130434782608,0.11766916666666667,0,0,0,0,1,1,0
73444,0.034012787020486726,0.796926734487946,1.0,0.12233583333333335,0,0,1,0,0,1,0
73555,0.029677012112045802,0.46926368856066486,0.9130434782608696,0.06606034090909091,0,0,0,0,1,1,0
73677,0.010438150236032815,0.3846395165455442,0.21739130434782608,0.020622500000000002,0,0,0,0,1,1,0
73755,0.022454626701498694,0.8081840406170019,0.30434782608695654,0.08291625000000001,0,0,0,0,1,1,0
73779,0.09814840276822952,0.6997078371837564,0.08695652173913043,0.30403,0,0,0,0,1,1,0
73942,0.16575003437371097,0.24170777262909282,0.043478260869565216,0.192175,0,0,0,0,1,1,0
74182,0.04360878133736651,0.7270249927392667,0.08695652173913043,0.14124,1,0,0,0,0,1,0
74253,0.05684266006691415,0.6562711206342507,0.21739130434782608,0.16788708333333333,1,0,0,0,0,1,0
74286,0.04275464670074872,0.42375448110798114,0.9130434782608696,0.08463659090909091,0,0,0,0,1,1,0
74428,0.03897353849230654,0.5812565393675488,0.9130434782608696,0.10294386363636365,1,0,0,0,0,1,0
74526,0.1161045746498792,0.7382719225455386,0.5652173913043479,0.3727328571428572,1,0,0,0,0,1,0
74550,0.03656737872329788,0.9157543043161643,0.9130434782608696,0.15016681818181818,0,1,0,0,0,1,0
74578,0.05089273437960362,0.3671860728190989,0.8695652173913043,0.08848702380952382,0,0,0,0,1,1,0
74805,0.03841105958526555,0.8866272002026534,0.9130434782608696,0.15249511363636364,1,0,0,0,0,1,0
74865,0.7721022961638939,0.5373701982597507,0.0,1.0,0,0,0,0,1,1,0
74914,0.03038636051148082,0.4385154111165762,0.8260869565217391,0.06420412500000001,1,0,0,0,0,1,0
74923,0.0032998762546404513,0.28565329708712195,0.3913043478260869,0.006559000000000001,0,0,0,0,1,1,0
75096,0.03115240321345093,0.48208299719098485,0.26086956521739135,0.0682575,0,0,0,0,1,1,0
75100,0.034313556991612815,0.882584475423096,0.30434782608695654,0.13810843750000001,0,0,0,0,1,1,0
75280,0.009458197949155854,0.5006047338626588,0.782608695652174,0.0246775,0,0,0,0,1,1,0
75343,0.030145744534579955,0.6267730868627789,0.30434782608695654,0.0867853125,0,0,0,0,1,1,0
75356,0.06046826815422993,0.1614635597671743,0.5652173913043479,0.05105232142857143,0,0,0,0,1,1,0
75531,0.022460764864174736,0.20915889927782882,0.26086956521739135,0.02433,0,0,0,0,1,1,0
75661,0.00226866492506531,0.6452652528796569,0.3913043478260869,0.003956787499999999,0,0,0,0,1,1,0
75982,0.006561559497074414,0.22231243228501413,0.34782608695652173,0.00910527777777778,0,0,0,0,1,1,0
76011,0.13618864292589028,0.05204908870418212,0.08695652173913043,0.05064416666666667,0,0,0,0,1,1,0
76092,0.06471423988267107,0.5109429265591592,0.6086956521739131,0.15054950000000003,0,0,0,0,1,1,0
76127,0.09274027223979102,0.7404959268276147,0.17391304347826086,0.08154204999999994,0,0,0,1,0,1,0
76202,0.9016911865805033,0.7316108118039453,0.0,1.0,0,0,0,0,1,1,0
76245,0.03562098564160986,0.05130970427003538,0.26086956521739135,0.013107142857142859,0,0,0,0,1,1,0
76272,0.05499302704720001,0.08721897254519755,0.5652173913043479,0.029000357142857144,0,0,0,0,1,1,0
76539,0.029973875979650764,0.6174579693660809,0.30434782608695654,0.08653468750000001,0,0,0,0,1,1,0
76607,0.006049773133507493,0.6691739693559626,0.3913043478260869,0.02287575,0,0,0,0,1,1,0
77068,0.03723922852893016,0.5048124437057747,0.9130434782608696,0.08757113636363636,0,0,0,0,1,1,0
77374,0.0320050498106321,0.599067218859679,0.9130434782608696,0.08723045454545454,1,0,0,0,0,1,0
77540,0.08038046787531182,0.6247716444455406,0.5652173913043479,0.22360910714285714,0,0,1,0,0,1,0
77573,0.04023688397399383,0.6635587476920062,0.26086956521739135,0.12227178571428572,0,0,0,0,1,1,0
77593,0.09174834515134254,0.5168640706468242,0.5652173913043479,0.2149596428571429,0,0,0,0,1,1,0
77615,0.040672693523992845,0.18882648993606682,0.30434782608695654,0.040216875000000006,0,0,0,0,1,1,0
77860,0.09555891654062973,0.652038144903147,0.17391304347826086,0.283403,0,0,0,0,1,1,0
78070,0.033754984188092946,0.8544432860714835,0.782608695652174,0.13040447368421054,1,0,0,0,0,1,0
78072,0.4128970163618864,0.9274149894480337,0.0,1.0,0,0,1,0,0,1,0
78354,0.022335273538353424,0.4799481296514812,0.34782608695652173,0.05160055555555556,0,0,0,0,1,1,0
78355,0.05245428296438884,0.12378462008083392,0.17391304347826086,0.035281,0,0,0,0,1,1,0
78433,0.05987900453732985,0.6161596821665634,0.043478260869565216,0.16135875000000002,0,0,0,0,1,1,0
78442,0.1052737866080022,0.3330347804004055,0.6521739130434783,0.16058640625,0,0,0,0,1,1,0
78547,0.1741715935652413,0.7290446242164939,0.043478260869565216,0.56001625,0,0,0,0,1,1,0
78621,0.6562628901416198,0.09631506792047544,0.0,0.35794250000000005,0,0,0,0,1,1,0
78624,0.050464427028430875,0.9068757472313709,0.7391304347826086,0.20416680555555555,1,0,0,0,0,1,0
78705,0.09777602089921628,0.5149700842124202,0.13043478260869565,0.23143312500000002,1,0,0,0,0,1,0
78927,0.7177918328062698,0.7406092287468151,0.0,1.0,1,0,0,0,0,1,0
78953,0.02787871645289492,0.673291420518023,0.8695652173913043,0.029460404761904754,0,0,0,1,0,1,0
78975,0.16609377148356935,0.8932178087281868,0.13043478260869565,0.6669956250000001,0,0,0,1,0,1,0
79052,0.02731364965118156,0.5810722402446679,0.9565217391304348,0.07364945652173914,0,0,1,0,0,1,0
79148,0.014238354950578241,0.511154684153864,0.34782608695652173,0.035159166666666665,0,0,0,0,1,1,0
79217,0.009830881341949677,0.3492007369783366,0.3913043478260869,0.018920000000000003,0,0,0,0,1,1,0
79290,0.056613501993675236,0.38924105690149097,0.21739130434782608,0.10603541666666667,0,1,0,0,0,1,0
79425,0.05325754231584736,0.9475632776938525,0.782608695652174,0.22294921052631583,1,0,0,0,0,1,0
79558,0.0074781917900300955,0.6918725108107648,0.34782608695652173,0.027636944444444447,0,0,0,0,1,1,0
79907,0.2654337962326413,0.571020882792233,0.08695652173913043,0.6720508333333334,1,0,0,0,0,1,0
80167,0.16838535221595857,0.367818621804401,0.08695652173913043,0.2822616666666667,0,0,0,0,1,1,0
80459,0.01868211192080297,0.3449981781612355,0.8260869565217391,0.0311945,0,1,0,0,0,1,0
80542,0.004752165543792108,0.672545599443972,0.30434782608695654,0.019199375,0,0,0,0,1,1,0
80744,0.8686924240340987,0.2532092316806323,0.0,1.0,0,0,0,0,1,1,0
80765,0.04654200467482469,0.1975251341555933,0.17391304347826086,0.047887,0,0,0,0,1,1,0
81314,0.27265227553966725,0.07288738847634002,0.043478260869565216,0.03562856249999998,0,0,0,0,1,1,0
81439,0.011144720961852818,0.3301957432756448,0.7391304347826086,0.01916388888888889,0,0,0,0,1,1,0
81603,0.09260277739584764,0.4994535659274724,0.17391304347826086,0.217566,0,0,0,0,1,1,0
81681,0.019369586140519732,0.32003363736418294,0.8260869565217391,0.030771500000000004,1,0,0,0,0,1,0
81807,0.07377580483589008,0.8426336579625361,0.5652173913043479,0.2731333928571429,0,0,0,0,1,1,0
81864,0.001512443283376873,0.39249753875316024,0.3913043478260869,0.005703500000000001,0,0,0,0,1,1,0
81897,0.01706463785385826,0.7478237284646624,0.34782608695652173,0.05888,0,0,0,0,1,1,0
81944,0.029870754846693253,0.09122140486214121,0.8260869565217391,0.016256125,0,0,0,0,1,1,0
81955,0.03648678964012533,0.16697449144205734,0.782608695652174,0.009851401315789472,0,0,0,1,0,1,0
82175,0.06735528667674962,0.3334604986869004,0.13043478260869565,0.10650187500000001,0,0,0,0,1,1,0
82253,0.013512687718654996,0.3461054858103532,0.34782608695652173,0.02344416666666667,0,0,0,0,1,1,0
82401,0.02075275438040639,0.11313758006159698,0.9565217391304348,0.013549021739130435,0,0,0,0,1,1,0
82488,0.008814947217257129,0.7692648017195649,0.34782608695652173,0.033944444444444444,0,0,0,0,1,1,0
82649,0.10922676337137358,0.49963857166165065,0.6521739130434783,0.24580078125000002,1,0,0,0,0,1,0
82731,0.15406297263852606,0.5331149138887943,0.0,0.36349000000000004,0,0,1,0,0,1,0
82748,0.07252491189475131,0.2674327784571734,0.782608695652174,0.09436671052631579,0,0,0,0,1,1,0
82804,0.009564485081809432,0.9072858461726475,0.30434782608695654,0.042786875,0,0,0,0,1,1,0
82836,0.013927602714898192,0.7848357792667834,0.9130434782608696,0.05328329545454546,0,0,0,0,1,1,0
82947,0.03257645695429278,0.0,0.8695652173913043,0.0020021428571428573,0,0,0,0,1,1,0
83291,0.024719608728958377,0.9694735463609178,0.26086956521739135,0.11153964285714286,0,1,0,0,0,1,0
83297,0.019275058435308676,0.18283749125150128,0.30434782608695654,0.019552812500000002,0,0,0,0,1,1,0
83587,0.02468687186135282,0.4192047418618063,0.8695652173913043,0.049822738095238094,0,0,0,0,1,1,0
83931,0.035129932627526464,0.07621559991061357,0.17391304347826086,0.0166735,0,0,0,0,1,1,0
83933,0.009830881341949677,0.06406121520187626,0.3913043478260869,0.004841000000000001,0,0,0,0,1,1,0
84011,0.037169439479352855,0.9326911490715527,0.6086956521739131,0.15712283333333335,0,0,1,0,0,1,0
84024,0.004674824694073971,0.8847236408466369,0.3913043478260869,0.023419000000000002,0,0,0,0,1,1,0
84205,0.07079265777533342,0.35808914655617075,0.13043478260869565,0.11736312500000001,0,0,0,0,1,1,0
84299,0.01748476098812961,0.14484122293699314,0.34782608695652173,0.014443055555555558,0,0,0,0,1,1,0
84435,0.011698519638846877,0.8478815231257038,0.21739130434782608,0.04866,1,0,0,0,0,1,0
84441,0.0057179920970354915,0.980208789700492,0.9565217391304348,0.030875434782608697,0,0,0,1,0,1,0
84677,0.08112195792657775,0.32176737139303835,0.17391304347826086,0.12184200000000002,0,0,0,0,1,1,0
84709,0.06458390622851642,0.6086992675416748,0.6521739130434783,0.178329375,1,0,0,0,0,1,0
84724,0.1400843301709519,0.15907662604192369,0.08695652173913043,0.11632250000000001,0,0,0,0,1,1,0
84910,0.050735597415096936,0.7980784783191261,0.6086956521739131,0.1808491666666667,0,0,0,0,1,1,0
85124,0.048466932490031624,0.6316085230164518,0.17391304347826086,0.14193050000000001,0,1,0,0,0,1,0
85231,0.06749278152069298,0.9843123755731656,0.8260869565217391,0.29114325,0,0,0,1,0,1,0
85249,0.0050604080607846765,0.3304543446437312,0.9565217391304348,0.010115217391304348,0,0,0,0,1,1,0
85442,0.013216691874054722,0.38300758609479163,0.30434782608695654,0.026320937500000002,0,0,0,0,1,1,0
85473,0.9260965213804483,0.08543389389473546,0.0,0.46120000000000005,0,0,0,0,1,1,0
85695,0.06673655987900454,0.8503839215166188,0.8260869565217391,0.253138625,0,0,0,0,1,1,0
85855,0.02607818873458912,0.20772241003662206,0.34782608695652173,0.028043333333333337,0,0,0,0,1,1,0
85938,0.047313503521395725,0.31540558773370553,0.7391304347826086,0.07037486111111112,0,0,0,0,1,1,0
86064,0.15165681286951738,0.04122141299949217,0.08695652173913043,0.019455,0,0,0,0,1,1,0
86081,0.018592358342117726,0.8056623102464877,0.34782608695652173,0.07328027777777778,0,0,0,0,1,1,0
86167,0.050303470762703535,0.09017795772693941,0.26086956521739135,0.02685857142857143,0,0,0,0,1,1,0
86171,0.07588426371511069,0.4419336254933611,0.6521739130434783,0.15372109375,0,0,0,0,1,1,0
86193,0.010655850405609789,0.068248799592198,0.3913043478260869,0.005262000000000001,0,0,0,0,1,1,0
86211,0.009044105290496051,0.6410572584125586,0.34782608695652173,0.029212222222222223,0,0,0,0,1,1,0
86270,0.17485906778495805,0.1208893202404258,0.043478260869565216,0.11466000000000001,0,0,0,0,1,1,0
86357,0.0063810107120982965,0.3443996653779246,0.9130434782608696,0.012784204545454547,0,0,0,0,1,1,0
86491,0.07657173793482744,0.1911964279322494,0.6521739130434783,0.07232609375,0,0,0,0,1,1,0
86515,0.006697963112097581,0.7390663713173848,0.26086956521739135,0.027088214285714285,0,0,0,0,1,1,0
86541,0.03666112520780471,0.6567041617233421,0.9130434782608696,0.11006545454545455,0,0,0,0,1,1,0
86580,0.008514859264206164,0.26722063366818166,0.26086956521739135,0.012938214285714287,0,0,0,0,1,1,0
86653,0.00789831492430145,0.22946127087264956,0.34782608695652173,0.010863055555555558,0,0,0,0,1,1,0
86662,0.1361027086484257,0.6779256867226883,0.13043478260869565,0.40859937500000004,0,0,0,0,1,1,0
86769,0.056875827682777685,0.5291809817977522,0.782608695652174,0.040581598684210525,0,0,0,1,0,1,0
86853,0.3737109858380311,0.22592644539252515,0.0,0.40230750000000004,0,0,0,0,1,1,0
87112,0.16036481965259636,0.6420461616717421,0.08695652173913043,0.44824250000000004,0,0,0,0,1,1,0
87128,0.05168358818123268,0.03222830608884722,0.782608695652174,0.005984868421052632,0,0,0,0,1,1,0
87218,0.022325725285301804,0.5006578181449175,0.13043478260869565,0.051424375,0,0,0,0,1,1,0
87297,0.017206497613482353,0.7984730301579159,0.26086956521739135,0.06485464285714286,0,0,1,0,0,1,0
87418,0.10853102624036214,0.5931613409276792,0.5217391304347826,0.2892425,0,0,0,0,1,1,0
87488,0.005534167468719923,0.39384250686661204,0.3913043478260869,0.01216425,0,0,0,0,1,1,0
87520,0.06613501993675236,0.8964058165894543,0.17391304347826086,0.26144,0,1,0,0,0,1,0
87669,0.042836880459088046,0.35011470467365347,0.782608695652174,0.07124486842105264,0,0,0,0,1,1,0
87756,0.050401681365520215,0.7371426969834853,0.26086956521739135,0.1601532142857143,1,0,0,0,0,1,0
87823,0.022082244832485453,0.4128145543036346,1.0,0.0441703125,0,0,0,0,1,1,0
87831,0.07001924927815206,0.578737857854113,0.13043478260869565,0.182455625,0,0,0,0,1,1,0
87936,0.02088393907450693,0.7845725826947606,0.34782608695652173,0.07565055555555557,0,0,0,0,1,1,0
87968,0.06145037418239674,0.4398117817613135,0.26086956521739135,0.1226732142857143,0,0,0,0,1,1,0
87975,0.011984967230395526,0.9664424843972724,0.34782608695652173,0.057092500000000004,0,0,0,0,1,1,0
88094,0.03490077455428754,0.14769682617263186,0.08695652173913043,0.027363333333333337,0,0,0,0,1,1,0
88113,0.10181493194005224,0.41512102542332224,0.13043478260869565,0.19791875,0,0,1,0,0,1,0
88248,0.2860580228241441,0.695692574213466,0.0,0.8753075,1,0,0,0,0,1,0
88333,0.07079926810436916,0.657896521960865,0.5217391304347826,0.20637769230769232,1,0,0,0,0,1,0
88404,0.0071841055960401475,0.4782115579928304,0.3913043478260869,0.019183250000000002,0,0,0,0,1,1,0
88548,0.02744740822219167,0.49334668230011197,0.8260869565217391,0.0638045,0,0,0,0,1,1,0
88664,0.1184861817681837,0.8756715121556978,0.13043478260869565,0.45439062500000005,0,0,0,0,1,1,0
88673,0.041248453183005636,0.5709384166894254,0.8260869565217391,0.03550035,0,0,0,1,0,1,0
88782,0.046915204965528076,0.5598513285693394,0.26086956521739135,0.11862464285714287,1,0,0,0,0,1,0
89052,0.02808332187542967,0.11153453657193817,0.6521739130434783,0.018061406250000002,0,0,0,0,1,1,0
89320,0.12854710256057705,0.19675934784824373,0.5217391304347826,0.1238525,0,0,0,0,1,1,0
89437,0.022153856730372613,0.8603158175095589,0.30434782608695654,0.08995750000000001,0,0,0,0,1,1,0
89503,0.012099546267014987,0.781266399990966,1.0,0.04678770833333334,0,0,1,0,0,1,0
89648,0.08905369173655987,0.8087821248400986,0.6521739130434783,0.32329578125,0,0,0,0,1,1,0
89727,0.10238782712314955,0.9651955976140688,0.08695652173913043,0.43369,0,0,0,0,1,1,0
89833,0.6394197717585591,0.44230791192593566,0.0,1.0,0,0,0,0,1,1,0
90247,0.011257390347861954,0.23670832934027053,0.8260869565217391,0.0143405,1,0,0,0,0,1,0
90376,0.034737090216259744,0.29983993612345633,0.26086956521739135,0.052430357142857154,0,0,0,0,1,1,0
90440,0.4029286401759934,0.18201910829244577,0.0,0.36530250000000003,0,0,0,0,1,1,0
91029,0.07420854530455108,0.3329387330750619,0.6521739130434783,0.11555875000000002,0,0,0,0,1,1,0
91082,0.007974700948714422,0.2085177139716377,0.3913043478260869,0.009722000000000001,0,0,0,0,1,1,0
91469,0.018213156292353323,0.4950381325995458,0.5652173913043479,0.04373089285714286,0,0,0,0,1,1,0
91648,0.002131170081121958,0.8913298365247665,0.34782608695652173,0.014801944444444444,0,0,0,0,1,1,0
91715,0.0037123607864705073,0.8091787919001596,0.3913043478260869,0.01767,0,0,0,0,1,1,0
91743,0.0159809111324992,0.5546737568812553,1.0,0.0435240625,0,0,0,0,1,1,0
91775,0.028255190430358863,0.25695841167169964,0.26086956521739135,0.036332500000000004,0,0,1,0,0,1,0
91933,0.22985700536229892,0.575165564316346,0.043478260869565216,0.58618375,0,1,0,0,0,1,0
92084,0.13378248315688163,0.8699001540956746,0.13043478260869565,0.512994375,0,1,0,0,0,1,0
92530,0.0695036436133645,0.22843859744976236,0.08695652173913043,0.07797333333333334,0,0,0,0,1,1,0
92542,0.004124845318300564,0.33954115920147737,0.3913043478260869,0.00861775,0,0,0,0,1,1,0
92562,0.03507264310921673,0.15263730663547392,0.7391304347826086,0.02822527777777778,0,0,0,0,1,1,0
92700,0.02773958476557129,0.1479993898275896,0.13043478260869565,0.022170625000000003,0,0,0,0,1,1,0
92936,0.01592362161418947,0.18778916151553582,0.30434782608695654,0.0162446875,0,0,0,0,1,1,0
92982,0.051018225705424934,0.5173806531827636,0.7391304347826086,0.1203138888888889,0,0,1,0,0,1,0
93005,0.09502612402034924,0.43098538188593827,0.13043478260869565,0.18495125,0,0,0,0,1,1,0
93049,0.004150625601539942,0.5825791335253786,0.30434782608695654,0.0149025,0,0,0,0,1,1,0
93101,0.0775470919840506,0.5668391115089934,0.17391304347826086,0.20685800000000001,0,0,0,0,1,1,0
93354,0.7184793070259866,0.29993442436958395,0.0,1.0,0,0,0,0,1,1,0
93384,0.02606182030078634,0.3194889115389682,0.8695652173913043,0.041425833333333335,1,0,0,0,0,1,0
93389,0.05271781474861359,0.7832518540759382,0.21739130434782608,0.1846266666666667,0,0,0,0,1,1,0
93494,0.025325952450696142,0.47248663002893526,0.9565217391304348,0.056408478260869574,0,0,0,0,1,1,0
93624,0.02324644968670818,0.3464409221106214,0.26086956521739135,0.039905,0,0,0,0,1,1,0
93657,0.011875369891020391,0.5393821945779528,0.9565217391304348,0.03200978260869565,0,0,0,0,1,1,0
93822,0.06297263852605527,0.36914247875080075,0.5217391304347826,0.10776865384615386,0,0,0,0,1,1,0
94018,0.02275539667262478,0.17541126759176767,1.0,0.021030833333333335,0,0,0,0,1,1,0
94200,0.004336816536046565,0.8174883917416412,1.0,0.021252916666666666,0,0,0,0,1,1,0
94354,0.053186240810087264,0.08764003856519033,0.6956521739130435,0.027567205882352945,0,0,0,0,1,1,0
94535,0.23948164443833356,0.4339740657284126,0.043478260869565216,0.47958875000000006,0,0,0,0,1,1,0
94676,0.2473875979650763,0.8417317641316096,0.043478260869565216,0.8840500000000001,1,0,0,0,0,1,0
94895,0.14228997662587653,0.6960798157696985,0.13043478260869565,0.422696875,0,0,0,0,1,1,0
95125,0.0071841055960401475,0.2936161984333886,0.3913043478260869,0.011387000000000001,0,0,0,0,1,1,0
95337,0.023843897520509652,0.6336853941640214,0.7391304347826086,0.07091388888888889,0,1,0,0,0,1,0
95369,0.007493468994912692,0.2694423901026298,0.3913043478260869,0.01150475,0,0,0,0,1,1,0
95557,0.08279481186122187,0.10790757550525211,0.6086956521739131,0.050820000000000004,0,0,0,0,1,1,0
95683,0.03377135262189573,0.8912544654604948,0.8695652173913043,0.13771583333333334,0,1,0,0,0,1,0
95769,0.047229478894541446,0.832970793990863,0.6086956521739131,0.174276,0,0,0,0,1,1,0
95888,0.08304688574178468,0.41080166084646025,0.17391304347826086,0.15359250000000002,0,0,0,0,1,1,0
95920,0.1831660479398689,0.13932605567970985,0.08695652173913043,0.13136833333333334,0,0,0,0,1,1,0
96034,0.07101079863351278,0.15447227248793316,0.5217391304347826,0.056716538461538464,0,0,0,0,1,1,0
96534,0.013892957274971755,0.5868819968846964,0.9565217391304348,0.040439130434782616,1,0,0,0,0,1,0
96588,0.09062199230028874,0.24213373689445578,0.6521739130434783,0.10568578125000001,0,0,0,0,1,1,0
96910,0.00812747299754037,0.7231292412432165,0.34782608695652173,0.02985305555555556,0,0,0,0,1,1,0
97082,0.05324223418544881,0.2239988117000688,0.5217391304347826,0.018352788461538462,0,0,0,1,0,1,0
97156,0.07139419771758558,0.907958000927965,0.13043478260869565,0.29190437500000005,0,0,0,1,0,1,0
97358,0.021108323021220038,0.06660249113050092,1.0,0.0095459375,0,0,0,0,1,1,0
97419,0.06730372611027086,0.6997136888023362,0.6086956521739131,0.21258983333333337,0,0,0,0,1,1,0
97493,0.018989233555915568,0.2883614294271918,0.9565217391304348,0.02783804347826087,0,0,0,0,1,1,0
97537,0.0462042456016595,0.7181763812741394,0.9565217391304348,0.14772184782608697,0,1,0,0,0,1,0
97659,0.14710229616389384,0.7445200134193668,0.13043478260869565,0.48469000000000007,0,0,0,0,1,1,0
97793,0.1022274164718823,0.5157439108420673,0.17391304347826086,0.23821650000000003,1,0,0,0,0,1,0
97863,0.3991475319675512,0.5547728272241216,0.043478260869565216,0.9651337500000001,0,0,0,0,1,1,0
97876,0.07435640281136516,0.04903470170146365,0.6956521739130435,0.008809617647058822,0,0,0,0,1,1,0
97892,0.10092121545442045,0.8466353111540832,0.6086956521739131,0.3782961666666667,0,0,0,0,1,1,0
98008,0.04458270314863192,0.20259202741629784,0.21739130434782608,0.04451625,0,0,0,0,1,1,0
98103,0.10851780558229066,0.14117503505021067,0.043478260869565216,0.08092750000000001,0,0,0,0,1,1,0
98269,0.04628229219182058,0.8371270708498423,0.7391304347826086,0.1733311111111111,0,0,0,0,1,1,0
98303,0.05472294788945414,0.609665692244586,0.17391304347826086,0.14896950000000003,0,0,1,0,0,1,0
98346,0.029973875979650764,0.32399708864490784,1.0,0.04656979166666667,0,0,1,0,0,1,0
98503,0.017697550627565752,0.41720251484970133,0.26086956521739135,0.03542928571428572,0,0,0,0,1,1,0
98642,0.07781778495806407,0.27852000931888954,0.6521739130434783,0.10410546875000001,0,0,1,0,0,1,0
98774,0.22745084559329024,0.34995514852158793,0.043478260869565216,0.37016750000000004,0,0,0,0,1,1,0
98842,0.021934246910185314,0.27026509015861705,0.7391304347826086,0.029951944444444444,0,0,0,0,1,1,0
99266,0.03781733185005562,0.3978405496576752,0.9130434782608696,0.07053545454545455,0,0,0,0,1,1,0
99310,0.016830986485065636,0.0585886530033512,0.6956521739130435,0.0071564705882352945,0,0,0,0,1,1,0
99974,0.0018638189956765507,0.7278378014612733,0.34782608695652173,0.01067277777777778,0,0,0,0,1,1,0
99996,0.03351586272036537,0.13447170230357014,0.9565217391304348,0.025042826086956523,0,0,0,0,1,1,0
